2023-09-05 00:01:00,0.87819,0.0,0.878,0.87825,0.0002,0.0002,0.0
2023-09-05 01:14:00,0.8781,0.0,0.87771,0.87849,0.0002,0.0002,1.0
2023-09-05 01:37:00,0.8781,0.0,0.87771,0.87849,0.0002,0.0002,0.0
2023-09-05 02:05:00,0.8783,0.0,0.87757,0.87849,0.0002,0.0002,0.0
2023-09-05 02:19:00,0.87848,0.0,0.87757,0.87849,0.0002,0.0002,2.0
2023-09-05 04:33:00,0.8783,0.0,0.87731,0.87865,0.0002,0.0002,2.0
2023-09-05 04:53:00,0.8783,0.0,0.87731,0.87865,0.0002,0.0002,2.0
2023-09-05 04:59:00,0.8783,0.0,0.87731,0.87865,0.0002,0.0002,2.0
2023-09-05 05:24:00,0.87741,0.0,0.87666,0.87777,0.0002,0.0002,1.0
2023-09-05 05:32:00,0.87741,0.0,0.87666,0.87777,0.0002,0.0002,2.0
2023-09-05 06:04:00,0.87734,0.0,0.87532,0.87736,0.0002,0.0002,2.0
2023-09-05 06:40:00,0.87527,0.0,0.8746,0.87594,0.0002,0.0002,2.0
2023-09-05 06:43:00,0.87527,0.0,0.8746,0.87594,0.0002,0.0002,0.0
2023-09-05 06:50:00,0.87542,0.0,0.87451,0.87594,0.0002,0.0002,2.0
2023-09-05 07:21:00,0.874935,0.0,0.87446,0.87541,0.0002,0.0002,1.0
2023-09-05 07:26:00,0.874935,0.0,0.87446,0.87541,0.0002,0.0002,0.0
2023-09-05 07:39:00,0.87515,0.0,0.87446,0.87541,0.0002,0.0002,0.0
2023-09-05 07:44:00,0.87541,0.0,0.87446,0.87594,0.0002,0.0002,1.0
2023-09-05 07:50:00,0.87527,0.0,0.87446,0.87541,0.0002,0.0002,1.0
2023-09-05 08:33:00,0.87506,0.0,0.87446,0.87541,0.0002,0.0002,2.0
2023-09-05 08:36:00,0.87494,0.0,0.87446,0.87541,0.0002,0.0002,0.0
2023-09-05 08:42:00,0.87529,0.0,0.87436,0.8754,0.0002,0.0002,2.0
2023-09-05 09:31:00,0.87494,0.0,0.87398,0.87532,0.0002,0.0002,2.0
2023-09-05 09:42:00,0.873915,0.0,0.87347,0.87436,0.0002,0.0002,0.0
2023-09-05 09:47:00,0.87429,0.0,0.87347,0.87436,0.0002,0.0002,2.0
2023-09-05 10:43:00,0.87227,0.0,0.87036,0.87418,0.0002,0.0002,2.0
2023-09-05 10:59:00,0.87001,0.0,0.86924,0.87072,0.0002,0.0002,0.0
2023-09-05 11:01:00,0.8702,0.0,0.86924,0.87072,0.0002,0.0002,0.0
2023-09-05 11:08:00,0.87171,0.0,0.86924,0.87418,0.0002,0.0002,2.0
2023-09-05 12:07:00,0.87236,0.0,0.87054,0.87418,0.0002,0.0002,2.0
2023-09-05 13:14:00,0.87122,0.0,0.87096,0.87137,0.0002,0.0002,1.0
2023-09-05 13:23:00,0.871165,0.0,0.87096,0.87137,0.0002,0.0002,0.0
2023-09-05 13:33:00,0.87257,0.0,0.87096,0.87418,0.0002,0.0002,2.0
2023-09-05 14:14:00,0.87118,0.0,0.87036,0.87146,0.0002,0.0002,2.0
2023-09-05 14:56:00,0.87017,0.0,0.86979,0.87055,0.0002,0.0002,2.0
2023-09-05 15:37:00,0.86963,0.0,0.86856,0.86994,0.0002,0.0002,2.0
2023-09-05 16:37:00,0.86963,0.0,0.86856,0.86994,0.0002,0.0002,2.0
2023-09-05 16:40:00,0.86879,0.0,0.86835,0.86919,0.0002,0.0002,0.0
2023-09-05 16:43:00,0.87019,0.0,0.86835,0.87055,0.0002,0.0002,1.0
2023-09-05 16:54:00,0.87035,0.0,0.86835,0.87055,0.0002,0.0002,2.0
2023-09-05 17:26:00,0.87,0.0,0.86752,0.87007,0.0002,0.0002,2.0
2023-09-05 18:07:00,0.87,0.0,0.86752,0.87007,0.0002,0.0002,2.0
2023-09-05 18:10:00,0.87,0.0,0.86752,0.87007,0.0002,0.0002,2.0
2023-09-05 19:04:00,0.87,0.0,0.86878,0.87007,0.0002,0.0002,2.0
2023-09-05 19:39:00,0.86899,0.0,0.86847,0.8694,0.0002,0.0002,2.0
2023-09-05 19:45:00,0.86899,0.0,0.86847,0.8694,0.0002,0.0002,1.0
2023-09-05 19:52:00,0.86899,0.0,0.86846,0.8694,0.0002,0.0002,2.0
2023-09-05 20:03:00,0.86887,0.0,0.86832,0.86891,0.0002,0.0002,1.0
2023-09-05 20:06:00,0.86876,0.0,0.86832,0.86891,0.0002,0.0002,2.0
2023-09-05 20:24:00,0.86876,0.0,0.86832,0.86891,0.0002,0.0002,2.0
2023-09-05 20:26:00,0.86876,0.0,0.86813,0.86887,0.0002,0.0002,1.0
2023-09-05 20:45:00,0.86876,0.0,0.86813,0.86887,0.0002,0.0002,0.0
2023-09-05 20:56:00,0.869,0.0,0.86813,0.8694,0.0002,0.0002,0.0
2023-09-05 21:02:00,0.86928,0.0,0.86813,0.8694,0.0002,0.0002,0.0
2023-09-05 21:47:00,0.8693,1.0,0.86916,0.86944,0.0002,0.0002,2.0
2023-09-05 21:58:00,0.86921,1.0,0.86916,0.86944,0.0002,0.0002,2.0
2023-09-05 22:08:00,0.86939,1.0,0.86918,0.8696,0.0002,0.0002,1.0
2023-09-05 22:12:00,0.86952,1.0,0.8693,0.86974,0.0002,0.0002,2.0
2023-09-05 23:07:00,0.8699399999999999,1.0,0.86939,0.87049,0.0002,0.0002,1.0
2023-09-05 23:29:00,0.8699399999999999,1.0,0.86939,0.87049,0.0002,0.0002,2.0
2023-09-05 23:41:00,0.8699399999999999,1.0,0.86939,0.87049,0.0002,0.0002,2.0
2023-09-05 23:45:00,0.8699399999999999,1.0,0.86939,0.87049,0.0002,0.0002,1.0
2023-09-06 00:16:00,0.86999,1.0,0.86981,0.87053,0.0002,0.0002,0.0
2023-09-06 00:27:00,0.86976,1.0,0.86939,0.87053,0.0002,0.0002,1.0
2023-09-06 01:05:00,0.86926,1.0,0.86918,0.87053,0.0002,0.0002,1.0
2023-09-06 01:54:00,0.86925,1.0,0.86918,0.87005,0.0002,0.0002,1.0
2023-09-06 02:19:00,0.86955,1.0,0.8692,0.87021,0.0002,0.0002,2.0
2023-09-06 03:12:00,0.86955,1.0,0.8692,0.87021,0.0002,0.0002,0.0
2023-09-06 03:43:00,0.86935,1.0,0.8692,0.87021,0.0002,0.0002,1.0
2023-09-06 03:54:00,0.86945,1.0,0.8692,0.87021,0.0002,0.0002,0.0
2023-09-06 04:02:00,0.86931,1.0,0.8692,0.87021,0.0002,0.0002,1.0
2023-09-06 04:12:00,0.86941,1.0,0.8692,0.87021,0.0002,0.0002,0.0
2023-09-06 06:38:00,0.86853,1.0,0.86821,0.87021,0.0002,0.0002,2.0
2023-09-06 07:21:00,0.86853,1.0,0.86821,0.87021,0.0002,0.0002,2.0
2023-09-06 07:57:00,0.86995,1.0,0.86985,0.87031,0.0002,0.0002,2.0
2023-09-06 08:01:00,0.87013,1.0,0.86994,0.87045,0.0002,0.0002,2.0
2023-09-06 08:10:00,0.87013,1.0,0.86994,0.87045,0.0002,0.0002,2.0
2023-09-06 08:14:00,0.87013,1.0,0.86994,0.87045,0.0002,0.0002,2.0
2023-09-06 08:27:00,0.87037,1.0,0.87024,0.8705,0.0002,0.0002,1.0
2023-09-06 08:42:00,0.870405,1.0,0.87025,0.87056,0.0002,0.0002,2.0
2023-09-06 09:07:00,0.87039,1.0,0.87025,0.87056,0.0002,0.0002,2.0
2023-09-06 09:16:00,0.8705400000000001,1.0,0.87033,0.87075,0.0002,0.0002,2.0
2023-09-06 09:26:00,0.870655,1.0,0.87046,0.87085,0.0002,0.0002,1.0
2023-09-06 09:31:00,0.870655,1.0,0.87046,0.87085,0.0002,0.0002,2.0
2023-09-06 09:47:00,0.8712,1.0,0.8706,0.87184,0.0002,0.0002,1.0
2023-09-06 10:07:00,0.87186,1.0,0.8712,0.87263,0.0002,0.0002,1.0
2023-09-06 10:10:00,0.87173,1.0,0.8712,0.87263,0.0002,0.0002,1.0
2023-09-06 10:13:00,0.87188,1.0,0.8712,0.87263,0.0002,0.0002,1.0
2023-09-06 10:18:00,0.87185,1.0,0.8712,0.87263,0.0002,0.0002,1.0
2023-09-06 10:23:00,0.871915,1.0,0.8712,0.87263,0.0002,0.0002,0.0
2023-09-06 10:27:00,0.87173,1.0,0.8712,0.87263,0.0002,0.0002,0.0
2023-09-06 10:36:00,0.87146,1.0,0.8712,0.87263,0.0002,0.0002,0.0
2023-09-06 10:42:00,0.8711,1.0,0.8706,0.87263,0.0002,0.0002,2.0
2023-09-06 11:35:00,0.87141,1.0,0.8712,0.87263,0.0002,0.0002,1.0
2023-09-06 11:38:00,0.87141,1.0,0.8712,0.87263,0.0002,0.0002,1.0
2023-09-06 11:44:00,0.87141,1.0,0.8712,0.87263,0.0002,0.0002,2.0
2023-09-06 12:36:00,0.87141,1.0,0.8712,0.87263,0.0002,0.0002,2.0
2023-09-06 13:29:00,0.87141,1.0,0.87123,0.87269,0.0002,0.0002,2.0
2023-09-06 14:24:00,0.87185,1.0,0.8717,0.87336,0.0002,0.0002,2.0
2023-09-06 15:17:00,0.87205,1.0,0.8717,0.87336,0.0002,0.0002,0.0
2023-09-06 15:45:00,0.87179,1.0,0.8717,0.87336,0.0002,0.0002,1.0
2023-09-06 15:49:00,0.87199,1.0,0.8717,0.87336,0.0002,0.0002,1.0
2023-09-06 15:52:00,0.87205,1.0,0.8717,0.87336,0.0002,0.0002,0.0
2023-09-06 16:01:00,0.8718,1.0,0.8717,0.87336,0.0002,0.0002,1.0
2023-09-06 16:05:00,0.87197,1.0,0.8717,0.87336,0.0002,0.0002,0.0
2023-09-06 16:21:00,0.87189,1.0,0.8717,0.87336,0.0002,0.0002,1.0
2023-09-06 16:25:00,0.87204,1.0,0.8717,0.87336,0.0002,0.0002,1.0
2023-09-06 16:31:00,0.8719,1.0,0.8717,0.87336,0.0002,0.0002,0.0
2023-09-06 16:35:00,0.87171,1.0,0.8717,0.87336,0.0002,0.0002,0.0
2023-09-06 17:27:00,0.87184,1.0,0.87168,0.8726,0.0002,0.0002,0.0
2023-09-06 17:55:00,0.8716,1.0,0.87154,0.8723,0.0002,0.0002,2.0
2023-09-06 17:58:00,0.8716,1.0,0.87154,0.8723,0.0002,0.0002,0.0
2023-09-06 22:01:00,0.8713,1.0,0.87115,0.87208,0.0002,0.0002,0.0
2023-09-06 22:18:00,0.87096,1.0,0.87091,0.87208,0.0002,0.0002,1.0
2023-09-06 22:30:00,0.87116,1.0,0.87115,0.87208,0.0002,0.0002,0.0
2023-09-07 00:33:00,0.87008,1.0,0.8699,0.87042,0.0002,0.0002,0.0
2023-09-07 03:28:00,0.8695999999999999,1.0,0.86866,0.87054,0.0002,0.0002,2.0
2023-09-07 04:21:00,0.8695999999999999,1.0,0.86866,0.87054,0.0002,0.0002,1.0
2023-09-07 05:04:00,0.86984,1.0,0.86957,0.87012,0.0002,0.0002,1.0
2023-09-07 05:19:00,0.86993,1.0,0.86978,0.87059,0.0002,0.0002,0.0
2023-09-07 05:40:00,0.86967,1.0,0.86957,0.87059,0.0002,0.0002,1.0
2023-09-07 07:35:00,0.86912,1.0,0.86882,0.86946,0.0002,0.0002,1.0
2023-09-07 07:40:00,0.86912,1.0,0.86882,0.86946,0.0002,0.0002,2.0
2023-09-07 07:45:00,0.86912,1.0,0.86882,0.86946,0.0002,0.0002,2.0
2023-09-07 07:49:00,0.86912,1.0,0.86882,0.86946,0.0002,0.0002,0.0
2023-09-07 08:53:00,0.86893,1.0,0.86882,0.86948,0.0002,0.0002,1.0
2023-09-07 09:26:00,0.86896,1.0,0.86866,0.86943,0.0002,0.0002,2.0
2023-09-07 10:03:00,0.86941,1.0,0.8691,0.87076,0.0002,0.0002,2.0
2023-09-07 10:15:00,0.87045,1.0,0.87034,0.87132,0.0002,0.0002,2.0
2023-09-07 10:31:00,0.87045,1.0,0.87034,0.87132,0.0002,0.0002,2.0
2023-09-07 10:41:00,0.87111,1.0,0.87081,0.87141,0.0002,0.0002,2.0
2023-09-07 10:50:00,0.87104,1.0,0.87081,0.87141,0.0002,0.0002,1.0
2023-09-07 10:53:00,0.87099,1.0,0.87081,0.87159,0.0002,0.0002,0.0
2023-09-07 10:57:00,0.87045,1.0,0.87034,0.87159,0.0002,0.0002,1.0
2023-09-07 11:01:00,0.87049,1.0,0.87034,0.87159,0.0002,0.0002,1.0
2023-09-07 12:04:00,0.87049,1.0,0.87044,0.8714,0.0002,0.0002,2.0
2023-09-07 12:57:00,0.87049,1.0,0.87044,0.8714,0.0002,0.0002,2.0
2023-09-07 13:29:00,0.87095,1.0,0.87066,0.87174,0.0002,0.0002,2.0
2023-09-07 13:34:00,0.87095,1.0,0.87066,0.87174,0.0002,0.0002,1.0
2023-09-07 13:57:00,0.87095,1.0,0.87066,0.87182,0.0002,0.0002,0.0
2023-09-07 14:21:00,0.87076,1.0,0.87066,0.87182,0.0002,0.0002,1.0
2023-09-07 14:55:00,0.87098,1.0,0.87076,0.87157,0.0002,0.0002,1.0
2023-09-07 14:58:00,0.87098,1.0,0.87076,0.87157,0.0002,0.0002,1.0
2023-09-07 15:01:00,0.87098,1.0,0.87076,0.87157,0.0002,0.0002,2.0
2023-09-07 15:23:00,0.8711,1.0,0.87101,0.87178,0.0002,0.0002,2.0
2023-09-07 15:51:00,0.8711,1.0,0.87101,0.87207,0.0002,0.0002,2.0
2023-09-07 16:14:00,0.87143,1.0,0.87135,0.87236,0.0002,0.0002,2.0
2023-09-07 16:31:00,0.87109,1.0,0.87101,0.87236,0.0002,0.0002,1.0
2023-09-07 17:18:00,0.87143,1.0,0.87056,0.87322,0.0002,0.0002,1.0
2023-09-07 17:57:00,0.87143,1.0,0.87056,0.87322,0.0002,0.0002,1.0
2023-09-07 18:00:00,0.87143,1.0,0.87056,0.87322,0.0002,0.0002,1.0
2023-09-07 18:05:00,0.87143,1.0,0.87056,0.87322,0.0002,0.0002,1.0
2023-09-07 18:08:00,0.87143,1.0,0.87056,0.87322,0.0002,0.0002,1.0
2023-09-07 18:26:00,0.87138,1.0,0.87056,0.87322,0.0002,0.0002,0.0
2023-09-07 18:30:00,0.87098,1.0,0.87056,0.87322,0.0002,0.0002,0.0
2023-09-07 18:32:00,0.87063,1.0,0.87056,0.87322,0.0002,0.0002,2.0
2023-09-07 19:25:00,0.8711,1.0,0.87056,0.87322,0.0002,0.0002,2.0
2023-09-07 20:19:00,0.87118,1.0,0.87079,0.87348,0.0002,0.0002,2.0
2023-09-07 20:27:00,0.87118,1.0,0.87079,0.87348,0.0002,0.0002,2.0
2023-09-07 20:33:00,0.87118,1.0,0.87079,0.87348,0.0002,0.0002,2.0
2023-09-07 23:30:00,0.87236,1.0,0.87216,0.87362,0.0002,0.0002,1.0
2023-09-08 04:22:00,0.87248,1.0,0.87236,0.8728,0.0002,0.0002,1.0
2023-09-08 04:29:00,0.87248,1.0,0.87248,0.87326,0.0002,0.0002,2.0
2023-09-08 04:45:00,0.87248,1.0,0.8724,0.87365,0.0002,0.0002,1.0
2023-09-08 05:09:00,0.87246,1.0,0.8724,0.87365,0.0002,0.0002,0.0
2023-09-08 05:21:00,0.87225,1.0,0.87213,0.87365,0.0002,0.0002,1.0
2023-09-08 05:45:00,0.87262,1.0,0.87168,0.87391,0.0002,0.0002,2.0
2023-09-08 06:41:00,0.87262,1.0,0.87168,0.87391,0.0002,0.0002,2.0
2023-09-08 07:45:00,0.8727,1.0,0.87168,0.87391,0.0002,0.0002,0.0
2023-09-08 08:03:00,0.87244,1.0,0.87168,0.87391,0.0002,0.0002,1.0
2023-09-08 08:07:00,0.8726,1.0,0.87168,0.87391,0.0002,0.0002,1.0
2023-09-08 08:19:00,0.8727,1.0,0.87168,0.87391,0.0002,0.0002,1.0
2023-09-08 08:52:00,0.8727,1.0,0.87168,0.87391,0.0002,0.0002,2.0
2023-09-08 10:21:00,0.87307,1.0,0.87303,0.87565,0.0002,0.0002,2.0
2023-09-08 11:14:00,0.87307,1.0,0.87303,0.87565,0.0002,0.0002,2.0
2023-09-08 12:07:00,0.87382,1.0,0.87303,0.87565,0.0002,0.0002,0.0
2023-09-08 12:17:00,0.87353,1.0,0.87303,0.87565,0.0002,0.0002,1.0
2023-09-08 12:24:00,0.8736,1.0,0.87303,0.87565,0.0002,0.0002,1.0
2023-09-08 12:48:00,0.87379,1.0,0.87303,0.87565,0.0002,0.0002,0.0
2023-09-08 12:54:00,0.87364,1.0,0.87303,0.87565,0.0002,0.0002,1.0
2023-09-08 13:11:00,0.87379,1.0,0.87303,0.87565,0.0002,0.0002,1.0
2023-09-08 21:23:00,0.86913,1.0,0.86908,0.86965,0.0002,0.0002,2.0
2023-09-08 21:53:00,0.86913,1.0,0.86908,0.86965,0.0002,0.0002,1.0
2023-09-08 22:23:00,0.86923,1.0,0.86908,0.86965,0.0002,0.0002,1.0
2023-09-08 22:35:00,0.86936,1.0,0.86908,0.86965,0.0002,0.0002,2.0
2023-09-08 22:38:00,0.86936,1.0,0.86908,0.86965,0.0002,0.0002,2.0
2023-09-08 22:43:00,0.86936,1.0,0.86908,0.86965,0.0002,0.0002,0.0
2023-09-08 22:59:00,0.86923,1.0,0.86908,0.86969,0.0002,0.0002,1.0
2023-09-08 23:02:00,0.86935,1.0,0.86908,0.86969,0.0002,0.0002,1.0
2023-09-08 23:42:00,0.86935,1.0,0.86908,0.86969,0.0002,0.0002,2.0
2023-09-09 00:03:00,0.86935,1.0,0.86908,0.86969,0.0002,0.0002,2.0
2023-09-09 00:34:00,0.86971,1.0,0.86953,0.86989,0.0002,0.0002,2.0
2023-09-09 00:50:00,0.86977,1.0,0.8697,0.86994,0.0002,0.0002,1.0
2023-09-11 01:15:00,0.86935,1.0,0.86922,0.86994,0.0002,0.0002,1.0
2023-09-11 01:24:00,0.86935,1.0,0.86922,0.87039,0.0002,0.0002,2.0
2023-09-11 02:58:00,0.86978,1.0,0.86936,0.87155,0.0002,0.0002,2.0
2023-09-11 03:46:00,0.87161,1.0,0.87128,0.87241,0.0002,0.0002,1.0
2023-09-11 04:11:00,0.87133,1.0,0.87128,0.87241,0.0002,0.0002,0.0
2023-09-11 04:17:00,0.86978,1.0,0.86936,0.87241,0.0002,0.0002,2.0
2023-09-11 05:56:00,0.87136,1.0,0.87114,0.87291,0.0002,0.0002,2.0
2023-09-11 06:11:00,0.87136,1.0,0.87114,0.87291,0.0002,0.0002,2.0
2023-09-11 06:43:00,0.8733150000000001,1.0,0.87264,0.87399,0.0002,0.0002,2.0
2023-09-11 07:33:00,0.87388,1.0,0.87348,0.87428,0.0002,0.0002,2.0
2023-09-11 07:41:00,0.87388,1.0,0.87348,0.87428,0.0002,0.0002,1.0
2023-09-11 08:02:00,0.87387,1.0,0.87348,0.87443,0.0002,0.0002,2.0
2023-09-11 09:06:00,0.87527,1.0,0.87504,0.8755,0.0002,0.0002,2.0
2023-09-11 09:10:00,0.87535,1.0,0.87504,0.87582,0.0002,0.0002,1.0
2023-09-11 09:16:00,0.87544,1.0,0.87539,0.87582,0.0002,0.0002,0.0
2023-09-11 09:18:00,0.87509,1.0,0.87504,0.87582,0.0002,0.0002,1.0
2023-09-11 09:21:00,0.87515,1.0,0.87504,0.87582,0.0002,0.0002,1.0
2023-09-11 09:25:00,0.87533,1.0,0.87504,0.87582,0.0002,0.0002,1.0
2023-09-11 09:45:00,0.87508,1.0,0.87504,0.87582,0.0002,0.0002,1.0
2023-09-11 10:46:00,0.87507,1.0,0.87504,0.87568,0.0002,0.0002,1.0
2023-09-11 11:18:00,0.874,1.0,0.87389,0.87564,0.0002,0.0002,2.0
2023-09-11 12:37:00,0.87496,1.0,0.87496,0.87572,0.0002,0.0002,1.0
2023-09-11 12:46:00,0.87496,1.0,0.87496,0.87572,0.0002,0.0002,1.0
2023-09-11 12:54:00,0.87496,1.0,0.87496,0.87572,0.0002,0.0002,0.0
2023-09-11 15:45:00,0.87364,1.0,0.87341,0.87419,0.0002,0.0002,1.0
2023-09-11 16:22:00,0.87374,1.0,0.87371,0.87453,0.0002,0.0002,0.0
2023-09-11 16:48:00,0.87343,1.0,0.87341,0.87453,0.0002,0.0002,0.0
2023-09-11 17:02:00,0.87342,1.0,0.87341,0.87453,0.0002,0.0002,2.0
2023-09-11 17:41:00,0.87408,1.0,0.87391,0.87481,0.0002,0.0002,0.0
2023-09-11 17:48:00,0.87342,1.0,0.87332,0.87481,0.0002,0.0002,2.0
2023-09-11 18:08:00,0.87408,1.0,0.87377,0.8752,0.0002,0.0002,2.0
2023-09-11 18:22:00,0.87408,1.0,0.87377,0.8752,0.0002,0.0002,2.0
2023-09-11 19:15:00,0.87408,1.0,0.87377,0.87471,0.0002,0.0002,2.0
2023-09-11 19:39:00,0.8745,1.0,0.87428,0.87489,0.0002,0.0002,0.0
2023-09-11 19:45:00,0.87408,1.0,0.87377,0.8749,0.0002,0.0002,0.0
2023-09-11 19:58:00,0.87342,1.0,0.87332,0.8749,0.0002,0.0002,2.0
2023-09-11 20:51:00,0.87364,1.0,0.87332,0.8749,0.0002,0.0002,0.0
2023-09-11 20:59:00,0.87336,1.0,0.87332,0.8749,0.0002,0.0002,0.0
2023-09-12 00:07:00,0.87295,1.0,0.87269,0.87345,0.0002,0.0002,0.0
2023-09-12 00:46:00,0.87286,1.0,0.87269,0.87345,0.0002,0.0002,0.0
2023-09-12 01:15:00,0.87289,1.0,0.87269,0.87345,0.0002,0.0002,0.0
2023-09-12 03:10:00,0.8728199999999999,1.0,0.87245,0.87319,0.0002,0.0002,2.0
2023-09-12 03:27:00,0.8728199999999999,1.0,0.87245,0.87319,0.0002,0.0002,2.0
2023-09-12 03:33:00,0.87306,1.0,0.87305,0.87325,0.0002,0.0002,2.0
2023-09-12 03:39:00,0.87306,1.0,0.87305,0.87325,0.0002,0.0002,2.0
2023-09-12 03:43:00,0.87306,1.0,0.87305,0.87325,0.0002,0.0002,2.0
2023-09-12 03:59:00,0.87306,1.0,0.87305,0.87329,0.0002,0.0002,0.0
2023-09-12 04:14:00,0.87318,0.0,0.87252,0.8733,0.0002,0.0002,2.0
2023-09-12 04:37:00,0.87318,0.0,0.87252,0.8733,0.0002,0.0002,2.0
2023-09-12 04:47:00,0.87284,0.0,0.87228,0.87299,0.0002,0.0002,2.0
2023-09-12 05:08:00,0.87284,0.0,0.87228,0.87299,0.0002,0.0002,1.0
2023-09-12 05:16:00,0.87291,0.0,0.87215,0.87299,0.0002,0.0002,2.0
2023-09-12 05:32:00,0.87284,0.0,0.87198,0.87286,0.0002,0.0002,0.0
2023-09-12 06:07:00,0.87325,0.0,0.87198,0.8733,0.0002,0.0002,1.0
2023-09-12 06:16:00,0.87318,0.0,0.87198,0.8733,0.0002,0.0002,1.0
2023-09-12 06:26:00,0.87294,0.0,0.87198,0.87299,0.0002,0.0002,1.0
2023-09-12 06:36:00,0.87327,0.0,0.87198,0.8733,0.0002,0.0002,1.0
2023-09-12 06:39:00,0.87327,0.0,0.87198,0.8733,0.0002,0.0002,1.0
2023-09-12 08:39:00,0.87358,0.0,0.87288,0.87392,0.0002,0.0002,2.0
2023-09-12 09:09:00,0.87358,0.0,0.87288,0.87392,0.0002,0.0002,2.0
2023-09-12 09:39:00,0.87318,0.0,0.87286,0.87326,0.0002,0.0002,1.0
2023-09-12 09:58:00,0.87318,0.0,0.87286,0.87326,0.0002,0.0002,2.0
2023-09-12 10:07:00,0.87318,0.0,0.87286,0.87326,0.0002,0.0002,1.0
2023-09-12 10:18:00,0.87305,0.0,0.87261,0.87319,0.0002,0.0002,0.0
2023-09-12 10:31:00,0.87358,0.0,0.87261,0.87392,0.0002,0.0002,1.0
2023-09-12 10:48:00,0.87358,0.0,0.87261,0.87392,0.0002,0.0002,1.0
2023-09-12 10:59:00,0.87358,0.0,0.87261,0.87392,0.0002,0.0002,0.0
2023-09-12 11:05:00,0.87376,0.0,0.87296,0.87392,0.0002,0.0002,1.0
2023-09-12 11:21:00,0.87359,0.0,0.87326,0.87386,0.0002,0.0002,1.0
2023-09-12 11:41:00,0.87358,0.0,0.87326,0.87386,0.0002,0.0002,2.0
2023-09-12 12:02:00,0.87352,0.0,0.87313,0.87361,0.0002,0.0002,0.0
2023-09-12 12:07:00,0.87378,0.0,0.87284,0.87386,0.0002,0.0002,1.0
2023-09-12 12:16:00,0.87372,0.0,0.87284,0.87386,0.0002,0.0002,0.0
2023-09-12 13:28:00,0.87314,0.0,0.87251,0.87358,0.0002,0.0002,2.0
2023-09-12 13:48:00,0.87251,0.0,0.87222,0.8727,0.0002,0.0002,0.0
2023-09-12 13:50:00,0.87314,0.0,0.87222,0.87358,0.0002,0.0002,2.0
2023-09-12 14:53:00,0.87226,0.0,0.8715,0.87273,0.0002,0.0002,2.0
2023-09-12 15:35:00,0.87226,0.0,0.8715,0.87273,0.0002,0.0002,0.0
2023-09-12 16:02:00,0.87248,0.0,0.87144,0.87273,0.0002,0.0002,1.0
2023-09-12 16:32:00,0.87238,0.0,0.87095,0.87253,0.0002,0.0002,2.0
2023-09-12 16:40:00,0.87238,0.0,0.87095,0.87253,0.0002,0.0002,2.0
2023-09-12 17:10:00,0.87108,0.0,0.87062,0.87142,0.0002,0.0002,0.0
2023-09-12 17:25:00,0.87139,0.0,0.87062,0.87142,0.0002,0.0002,2.0
2023-09-12 17:53:00,0.87052,0.0,0.86971,0.87133,0.0002,0.0002,2.0
2023-09-12 18:17:00,0.87052,0.0,0.86971,0.87133,0.0002,0.0002,2.0
2023-09-12 18:29:00,0.8698600000000001,0.0,0.86938,0.87034,0.0002,0.0002,0.0
2023-09-12 18:33:00,0.87036,0.0,0.86938,0.87133,0.0002,0.0002,1.0
2023-09-12 18:39:00,0.87023,0.0,0.86938,0.87034,0.0002,0.0002,1.0
2023-09-12 18:42:00,0.86995,0.0,0.86938,0.87034,0.0002,0.0002,0.0
2023-09-12 19:41:00,0.87048,0.0,0.86938,0.87133,0.0002,0.0002,1.0
2023-09-12 20:01:00,0.87055,0.0,0.86963,0.87133,0.0002,0.0002,0.0
2023-09-12 20:09:00,0.87083,0.0,0.86963,0.87133,0.0002,0.0002,1.0
2023-09-12 20:44:00,0.87065,0.0,0.87021,0.87078,0.0002,0.0002,2.0
2023-09-12 21:37:00,0.87055,0.0,0.87021,0.87078,0.0002,0.0002,1.0
2023-09-12 21:43:00,0.87051,0.0,0.87021,0.87078,0.0002,0.0002,2.0
2023-09-12 21:47:00,0.87051,0.0,0.87021,0.87078,0.0002,0.0002,2.0
2023-09-12 22:05:00,0.87051,0.0,0.87016,0.87062,0.0002,0.0002,0.0
2023-09-12 23:05:00,0.87077,0.0,0.87015,0.87078,0.0002,0.0002,1.0
2023-09-13 01:16:00,0.87074,0.0,0.86927,0.87102,0.0002,0.0002,1.0
2023-09-13 01:48:00,0.87074,0.0,0.86927,0.87102,0.0002,0.0002,0.0
2023-09-13 02:13:00,0.87095,0.0,0.86927,0.87102,0.0002,0.0002,0.0
2023-09-13 04:36:00,0.87115,0.0,0.87064,0.87146,0.0002,0.0002,2.0
2023-09-13 05:05:00,0.8709,0.0,0.87037,0.87097,0.0002,0.0002,2.0
2023-09-13 05:15:00,0.8709,0.0,0.87037,0.87097,0.0002,0.0002,2.0
2023-09-13 05:38:00,0.8707,0.0,0.87,0.87086,0.0002,0.0002,2.0
2023-09-13 05:52:00,0.87031,0.0,0.86973,0.87031,0.0002,0.0002,1.0
2023-09-13 06:04:00,0.87031,0.0,0.86973,0.87031,0.0002,0.0002,2.0
2023-09-13 06:52:00,0.87031,0.0,0.86819,0.87037,0.0002,0.0002,2.0
2023-09-13 07:45:00,0.87031,0.0,0.86819,0.87037,0.0002,0.0002,2.0
2023-09-13 08:38:00,0.87031,0.0,0.86819,0.87037,0.0002,0.0002,2.0
2023-09-13 09:31:00,0.87031,0.0,0.86819,0.87037,0.0002,0.0002,2.0
2023-09-13 11:01:00,0.86876,1.0,0.86858,0.86949,0.0002,0.0002,1.0
2023-09-13 11:09:00,0.86877,1.0,0.86858,0.86949,0.0002,0.0002,2.0
2023-09-13 12:19:00,0.86877,1.0,0.86858,0.86949,0.0002,0.0002,2.0
2023-09-13 12:22:00,0.86919,1.0,0.86878,0.87,0.0002,0.0002,2.0
2023-09-13 13:15:00,0.86919,1.0,0.86878,0.87,0.0002,0.0002,1.0
2023-09-13 13:24:00,0.86919,1.0,0.86878,0.87,0.0002,0.0002,1.0
2023-09-13 13:35:00,0.86919,1.0,0.86878,0.87,0.0002,0.0002,1.0
2023-09-13 13:55:00,0.86919,1.0,0.86878,0.87,0.0002,0.0002,0.0
2023-09-13 14:09:00,0.86896,1.0,0.86878,0.87,0.0002,0.0002,1.0
2023-09-13 14:15:00,0.86917,1.0,0.86878,0.87,0.0002,0.0002,0.0
2023-09-13 14:35:00,0.86896,1.0,0.86878,0.87,0.0002,0.0002,0.0
2023-09-13 14:52:00,0.86887,1.0,0.86878,0.87,0.0002,0.0002,2.0
2023-09-13 15:45:00,0.86877,1.0,0.86872,0.86943,0.0002,0.0002,0.0
2023-09-13 16:21:00,0.86918,0.0,0.86819,0.86922,0.0002,0.0002,2.0
2023-09-13 16:36:00,0.86958,0.0,0.86819,0.86965,0.0002,0.0002,0.0
2023-09-13 16:39:00,0.86952,0.0,0.86701,0.86965,0.0002,0.0002,0.0
2023-09-13 17:31:00,0.86867,1.0,0.86854,0.87001,0.0002,0.0002,2.0
2023-09-13 17:41:00,0.86867,1.0,0.86854,0.87001,0.0002,0.0002,2.0
2023-09-13 17:46:00,0.86867,1.0,0.86864,0.8702,0.0002,0.0002,2.0
2023-09-13 17:56:00,0.86867,1.0,0.86864,0.8702,0.0002,0.0002,2.0
2023-09-13 18:00:00,0.87013,1.0,0.86988,0.87038,0.0002,0.0002,0.0
2023-09-13 18:05:00,0.86867,1.0,0.86864,0.87038,0.0002,0.0002,1.0
2023-09-13 18:52:00,0.86867,1.0,0.86864,0.86988,0.0002,0.0002,1.0
2023-09-13 19:01:00,0.86862,1.0,0.86854,0.86988,0.0002,0.0002,1.0
2023-09-13 19:05:00,0.86876,1.0,0.86864,0.86988,0.0002,0.0002,0.0
2023-09-13 19:34:00,0.86876,1.0,0.86858,0.87023,0.0002,0.0002,2.0
2023-09-13 20:45:00,0.86941,1.0,0.86908,0.87132,0.0002,0.0002,2.0
2023-09-13 21:38:00,0.86941,1.0,0.86908,0.87132,0.0002,0.0002,2.0
2023-09-13 21:46:00,0.86941,1.0,0.86908,0.87132,0.0002,0.0002,2.0
2023-09-13 22:39:00,0.87083,1.0,0.87058,0.87142,0.0002,0.0002,0.0
2023-09-13 22:52:00,0.86941,1.0,0.86908,0.87142,0.0002,0.0002,2.0
2023-09-13 23:51:00,0.87006,1.0,0.87,0.87027,0.0002,0.0002,1.0
2023-09-14 00:04:00,0.87007,1.0,0.87,0.87027,0.0002,0.0002,2.0
2023-09-14 00:15:00,0.87007,1.0,0.87,0.87027,0.0002,0.0002,2.0
2023-09-14 00:27:00,0.87007,1.0,0.87003,0.87033,0.0002,0.0002,0.0
2023-09-14 02:17:00,0.86956,1.0,0.86938,0.87009,0.0002,0.0002,2.0
2023-09-14 02:20:00,0.86956,1.0,0.86938,0.87009,0.0002,0.0002,2.0
2023-09-14 02:42:00,0.870035,1.0,0.86996,0.87011,0.0002,0.0002,2.0
2023-09-14 02:46:00,0.87002,1.0,0.86996,0.87011,0.0002,0.0002,2.0
2023-09-14 03:03:00,0.86998,1.0,0.86997,0.87015,0.0002,0.0002,1.0
2023-09-14 03:22:00,0.87007,1.0,0.86996,0.8702,0.0002,0.0002,2.0
2023-09-14 03:28:00,0.87007,1.0,0.86996,0.8702,0.0002,0.0002,2.0
2023-09-14 03:38:00,0.87016,1.0,0.87011,0.87025,0.0002,0.0002,2.0
2023-09-14 03:58:00,0.87012,1.0,0.87011,0.87025,0.0002,0.0002,0.0
2023-09-14 04:03:00,0.87,1.0,0.86996,0.87029,0.0002,0.0002,2.0
2023-09-14 05:41:00,0.87239,0.0,0.87124,0.8726,0.0002,0.0002,2.0
2023-09-14 06:01:00,0.87014,1.0,0.86999,0.8726,0.0002,0.0002,0.0
2023-09-14 06:19:00,0.87002,1.0,0.86999,0.8726,0.0002,0.0002,1.0
2023-09-14 09:39:00,0.87044,1.0,0.86995,0.87208,0.0002,0.0002,2.0
2023-09-14 10:31:00,0.87148,1.0,0.87116,0.87217,0.0002,0.0002,0.0
2023-09-14 10:42:00,0.87128,1.0,0.87116,0.87217,0.0002,0.0002,1.0
2023-09-14 11:12:00,0.87126,1.0,0.87116,0.87217,0.0002,0.0002,0.0
2023-09-14 11:16:00,0.87088,1.0,0.87074,0.87217,0.0002,0.0002,0.0
2023-09-14 12:29:00,0.87052,1.0,0.87033,0.87094,0.0002,0.0002,0.0
2023-09-14 13:14:00,0.87039,1.0,0.87033,0.87094,0.0002,0.0002,0.0
2023-09-14 14:29:00,0.86988,1.0,0.86968,0.87076,0.0002,0.0002,2.0
2023-09-14 14:57:00,0.87071,1.0,0.87021,0.87129,0.0002,0.0002,2.0
2023-09-14 15:39:00,0.87071,1.0,0.87021,0.87129,0.0002,0.0002,2.0
2023-09-14 15:45:00,0.87113,1.0,0.87078,0.87148,0.0002,0.0002,1.0
2023-09-14 15:49:00,0.87113,1.0,0.87078,0.87148,0.0002,0.0002,1.0
2023-09-14 16:02:00,0.87113,1.0,0.87078,0.87148,0.0002,0.0002,2.0
2023-09-14 16:08:00,0.87113,1.0,0.87078,0.87148,0.0002,0.0002,1.0
2023-09-14 16:17:00,0.87111,1.0,0.87078,0.87161,0.0002,0.0002,2.0
2023-09-14 16:28:00,0.87114,1.0,0.87112,0.87168,0.0002,0.0002,0.0
2023-09-14 18:01:00,0.87093,1.0,0.86893,0.87316,0.0002,0.0002,0.0
2023-09-14 18:05:00,0.87052,1.0,0.86893,0.87316,0.0002,0.0002,0.0
2023-09-14 18:08:00,0.87008,1.0,0.86893,0.87316,0.0002,0.0002,0.0
2023-09-14 18:11:00,0.86991,1.0,0.86893,0.87316,0.0002,0.0002,1.0
2023-09-14 18:19:00,0.86985,1.0,0.86893,0.87316,0.0002,0.0002,2.0
2023-09-14 19:12:00,0.8709,1.0,0.86893,0.87316,0.0002,0.0002,0.0
2023-09-14 19:22:00,0.87073,1.0,0.86893,0.87316,0.0002,0.0002,0.0
2023-09-14 19:30:00,0.87038,1.0,0.86893,0.87316,0.0002,0.0002,0.0
2023-09-14 19:42:00,0.87015,1.0,0.86893,0.87316,0.0002,0.0002,2.0
2023-09-14 21:57:00,0.86988,0.0,0.86855,0.87009,0.0002,0.0002,2.0
2023-09-15 01:08:00,0.86871,1.0,0.86855,0.87011,0.0002,0.0002,0.0
2023-09-15 01:11:00,0.86868,1.0,0.86855,0.87011,0.0002,0.0002,2.0
2023-09-15 04:19:00,0.86911,1.0,0.86869,0.87032,0.0002,0.0002,2.0
2023-09-15 04:23:00,0.86911,1.0,0.86869,0.87032,0.0002,0.0002,2.0
2023-09-15 04:51:00,0.87045,1.0,0.87018,0.87087,0.0002,0.0002,2.0
2023-09-15 04:56:00,0.87045,1.0,0.87018,0.87095,0.0002,0.0002,1.0
2023-09-15 05:04:00,0.87045,1.0,0.87018,0.87095,0.0002,0.0002,1.0
2023-09-15 05:32:00,0.87023,1.0,0.87018,0.87095,0.0002,0.0002,1.0
2023-09-15 06:11:00,0.87045,1.0,0.8702,0.87235,0.0002,0.0002,2.0
2023-09-15 08:25:00,0.87277,0.0,0.87222,0.87296,0.0002,0.0002,0.0
2023-09-15 11:25:00,0.87358,0.0,0.87263,0.87377,0.0002,0.0002,2.0
2023-09-15 11:39:00,0.87358,0.0,0.87263,0.87377,0.0002,0.0002,2.0
2023-09-15 11:41:00,0.87277,0.0,0.8723,0.87287,0.0002,0.0002,1.0
2023-09-15 11:51:00,0.87277,0.0,0.8723,0.87287,0.0002,0.0002,2.0
2023-09-15 12:21:00,0.87255,0.0,0.87175,0.87282,0.0002,0.0002,2.0
2023-09-15 13:39:00,0.87132,1.0,0.8713,0.87205,0.0002,0.0002,2.0
2023-09-15 14:32:00,0.87166,1.0,0.8713,0.87205,0.0002,0.0002,2.0
2023-09-15 15:12:00,0.87255,0.0,0.8713,0.87282,0.0002,0.0002,1.0
2023-09-15 15:30:00,0.87255,0.0,0.8713,0.87282,0.0002,0.0002,0.0
2023-09-15 16:47:00,0.87292,0.0,0.87199,0.87335,0.0002,0.0002,2.0
2023-09-15 17:01:00,0.87292,0.0,0.87199,0.87335,0.0002,0.0002,0.0
2023-09-15 17:10:00,0.87324,0.0,0.87198,0.87335,0.0002,0.0002,1.0
2023-09-15 17:18:00,0.87299,0.0,0.87198,0.87335,0.0002,0.0002,1.0
2023-09-15 18:06:00,0.87334,0.0,0.87127,0.87335,0.0002,0.0002,1.0
2023-09-15 18:09:00,0.8729,0.0,0.87127,0.87332,0.0002,0.0002,2.0
2023-09-15 21:50:00,0.87014,1.0,0.86979,0.87058,0.0002,0.0002,0.0
2023-09-15 22:29:00,0.86985,1.0,0.86979,0.87058,0.0002,0.0002,1.0
2023-09-16 00:51:00,0.86946,1.0,0.86907,0.86985,0.0002,0.0002,2.0
2023-09-18 01:16:00,0.86978,1.0,0.86963,0.87032,0.0002,0.0002,0.0
2023-09-18 01:39:00,0.86932,1.0,0.86907,0.87032,0.0002,0.0002,0.0
2023-09-18 02:00:00,0.86918,1.0,0.86907,0.87032,0.0002,0.0002,2.0
2023-09-18 02:53:00,0.87017,0.0,0.86984,0.87032,0.0002,0.0002,0.0
2023-09-18 04:47:00,0.87077,0.0,0.86997,0.87096,0.0002,0.0002,0.0
2023-09-18 05:12:00,0.87095,0.0,0.86997,0.87096,0.0002,0.0002,1.0
2023-09-18 05:44:00,0.87067,0.0,0.86956,0.871,0.0002,0.0002,1.0
2023-09-18 06:17:00,0.87067,0.0,0.86956,0.871,0.0002,0.0002,1.0
2023-09-18 06:34:00,0.87061,0.0,0.86956,0.871,0.0002,0.0002,0.0
2023-09-18 06:41:00,0.87065,0.0,0.86956,0.871,0.0002,0.0002,1.0
2023-09-18 06:56:00,0.87061,0.0,0.86956,0.871,0.0002,0.0002,1.0
2023-09-18 07:26:00,0.87053,0.0,0.86956,0.871,0.0002,0.0002,1.0
2023-09-18 08:02:00,0.87046,0.0,0.86956,0.871,0.0002,0.0002,0.0
2023-09-18 08:05:00,0.87068,0.0,0.86956,0.871,0.0002,0.0002,0.0
2023-09-18 08:15:00,0.87092,0.0,0.86956,0.871,0.0002,0.0002,0.0
2023-09-18 08:28:00,0.87094,0.0,0.86956,0.871,0.0002,0.0002,1.0
2023-09-18 10:45:00,0.87045,0.0,0.86987,0.87084,0.0002,0.0002,1.0
2023-09-18 11:00:00,0.87045,0.0,0.86987,0.87084,0.0002,0.0002,2.0
2023-09-18 11:26:00,0.87023,0.0,0.86944,0.8706,0.0002,0.0002,2.0
2023-09-18 12:27:00,0.87,0.0,0.86919,0.87013,0.0002,0.0002,2.0
2023-09-18 13:20:00,0.86981,0.0,0.86919,0.87013,0.0002,0.0002,0.0
2023-09-18 14:03:00,0.87002,0.0,0.86919,0.87013,0.0002,0.0002,2.0
2023-09-18 14:56:00,0.86967,0.0,0.86919,0.87013,0.0002,0.0002,1.0
2023-09-18 15:23:00,0.86981,0.0,0.86936,0.87001,0.0002,0.0002,2.0
2023-09-18 15:34:00,0.86981,0.0,0.86936,0.87001,0.0002,0.0002,2.0
2023-09-18 16:17:00,0.86967,0.0,0.86862,0.86977,0.0002,0.0002,2.0
2023-09-18 17:24:00,0.868155,0.0,0.86715,0.86916,0.0002,0.0002,2.0
2023-09-18 17:44:00,0.868155,0.0,0.86715,0.86916,0.0002,0.0002,0.0
2023-09-18 17:51:00,0.86825,0.0,0.86697,0.86916,0.0002,0.0002,1.0
2023-09-18 17:56:00,0.86807,0.0,0.86697,0.86916,0.0002,0.0002,1.0
2023-09-18 18:00:00,0.86811,0.0,0.86697,0.86916,0.0002,0.0002,1.0
2023-09-18 18:31:00,0.8676200000000001,0.0,0.86696,0.86828,0.0002,0.0002,2.0
2023-09-18 18:52:00,0.8676200000000001,0.0,0.86696,0.86828,0.0002,0.0002,1.0
2023-09-18 19:00:00,0.86749,0.0,0.86665,0.86828,0.0002,0.0002,0.0
2023-09-18 19:06:00,0.86776,0.0,0.86665,0.86828,0.0002,0.0002,1.0
2023-09-18 19:09:00,0.86746,0.0,0.86665,0.86749,0.0002,0.0002,0.0
2023-09-18 19:15:00,0.86777,0.0,0.86665,0.86828,0.0002,0.0002,1.0
2023-09-18 19:26:00,0.86787,0.0,0.86735,0.86828,0.0002,0.0002,0.0
2023-09-18 19:32:00,0.86828,0.0,0.86735,0.86916,0.0002,0.0002,0.0
2023-09-18 19:36:00,0.86846,0.0,0.86735,0.86916,0.0002,0.0002,1.0
2023-09-18 19:43:00,0.86828,0.0,0.86735,0.86916,0.0002,0.0002,0.0
2023-09-18 19:46:00,0.86858,0.0,0.86735,0.86916,0.0002,0.0002,0.0
2023-09-18 19:50:00,0.86893,0.0,0.86735,0.86916,0.0002,0.0002,1.0
2023-09-18 19:57:00,0.86859,0.0,0.86735,0.86916,0.0002,0.0002,1.0
2023-09-18 22:01:00,0.8678,1.0,0.86761,0.8689,0.0002,0.0002,2.0
2023-09-18 22:54:00,0.86796,1.0,0.86761,0.8689,0.0002,0.0002,2.0
2023-09-19 00:39:00,0.86797,1.0,0.8679,0.86859,0.0002,0.0002,0.0
2023-09-19 01:12:00,0.86786,1.0,0.86779,0.86859,0.0002,0.0002,0.0
2023-09-19 01:40:00,0.8678,1.0,0.86758,0.86821,0.0002,0.0002,1.0
2023-09-19 01:56:00,0.8678,1.0,0.86758,0.86821,0.0002,0.0002,1.0
2023-09-19 02:02:00,0.8678,1.0,0.86758,0.86821,0.0002,0.0002,2.0
2023-09-19 02:24:00,0.8678,1.0,0.86758,0.86821,0.0002,0.0002,2.0
2023-09-19 02:31:00,0.86794,1.0,0.86773,0.86822,0.0002,0.0002,1.0
2023-09-19 02:37:00,0.86813,1.0,0.86803,0.86825,0.0002,0.0002,2.0
2023-09-19 03:49:00,0.86816,1.0,0.86799,0.86838,0.0002,0.0002,2.0
2023-09-19 04:17:00,0.8684,1.0,0.86827,0.869,0.0002,0.0002,1.0
2023-09-19 04:41:00,0.8684,1.0,0.86827,0.869,0.0002,0.0002,0.0
2023-09-19 04:52:00,0.86816,1.0,0.86799,0.869,0.0002,0.0002,0.0
2023-09-19 04:55:00,0.8678,1.0,0.86773,0.869,0.0002,0.0002,0.0
2023-09-19 05:21:00,0.86872,0.0,0.86722,0.869,0.0002,0.0002,2.0
2023-09-19 06:14:00,0.86872,0.0,0.86722,0.869,0.0002,0.0002,2.0
2023-09-19 06:40:00,0.86751,0.0,0.86705,0.86772,0.0002,0.0002,2.0
2023-09-19 07:01:00,0.86751,0.0,0.86705,0.86772,0.0002,0.0002,1.0
2023-09-19 08:00:00,0.86747,0.0,0.86718,0.8675,0.0002,0.0002,0.0
2023-09-19 08:22:00,0.86733,1.0,0.86718,0.8677,0.0002,0.0002,2.0
2023-09-19 08:39:00,0.86733,1.0,0.86718,0.8677,0.0002,0.0002,2.0
2023-09-19 08:58:00,0.86751,1.0,0.86747,0.86779,0.0002,0.0002,1.0
2023-09-19 09:50:00,0.8676,0.0,0.86665,0.86779,0.0002,0.0002,2.0
2023-09-19 10:09:00,0.8676,0.0,0.86665,0.86779,0.0002,0.0002,2.0
2023-09-19 10:40:00,0.86704,0.0,0.86661,0.86705,0.0002,0.0002,2.0
2023-09-19 10:52:00,0.86662,0.0,0.86644,0.8668,0.0002,0.0002,2.0
2023-09-19 11:08:00,0.86665,0.0,0.86644,0.8668,0.0002,0.0002,1.0
2023-09-19 11:12:00,0.86664,0.0,0.86621,0.86667,0.0002,0.0002,0.0
2023-09-19 11:21:00,0.86704,0.0,0.86621,0.86705,0.0002,0.0002,0.0
2023-09-19 11:35:00,0.8676,0.0,0.86621,0.86779,0.0002,0.0002,0.0
2023-09-19 11:50:00,0.86775,0.0,0.86621,0.86779,0.0002,0.0002,0.0
2023-09-19 12:09:00,0.86638,1.0,0.86621,0.86845,0.0002,0.0002,2.0
2023-09-19 12:14:00,0.86638,1.0,0.86621,0.86845,0.0002,0.0002,2.0
2023-09-19 13:23:00,0.86751,1.0,0.86741,0.86814,0.0002,0.0002,2.0
2023-09-19 13:54:00,0.86751,1.0,0.86741,0.86814,0.0002,0.0002,2.0
2023-09-19 13:58:00,0.86802,1.0,0.86781,0.86823,0.0002,0.0002,1.0
2023-09-19 14:02:00,0.86802,1.0,0.86781,0.86823,0.0002,0.0002,2.0
2023-09-19 14:09:00,0.86802,1.0,0.86781,0.86823,0.0002,0.0002,1.0
2023-09-19 14:27:00,0.86804,1.0,0.86798,0.86847,0.0002,0.0002,1.0
2023-09-19 14:51:00,0.86833,0.0,0.86795,0.86847,0.0002,0.0002,2.0
2023-09-19 15:01:00,0.86833,0.0,0.86795,0.86847,0.0002,0.0002,2.0
2023-09-19 15:33:00,0.86809,0.0,0.86777,0.8683,0.0002,0.0002,2.0
2023-09-19 15:46:00,0.86779,0.0,0.86754,0.86803,0.0002,0.0002,1.0
2023-09-19 15:56:00,0.867785,0.0,0.86754,0.86803,0.0002,0.0002,1.0
2023-09-19 16:04:00,0.867785,0.0,0.86754,0.86803,0.0002,0.0002,2.0
2023-09-19 16:12:00,0.86797,0.0,0.86754,0.86803,0.0002,0.0002,0.0
2023-09-19 16:18:00,0.86826,0.0,0.8675,0.8683,0.0002,0.0002,2.0
2023-09-19 16:44:00,0.86809,0.0,0.86656,0.86824,0.0002,0.0002,2.0
2023-09-19 17:25:00,0.86638,0.0,0.86489,0.86699,0.0002,0.0002,0.0
2023-09-19 17:42:00,0.86671,0.0,0.86489,0.86699,0.0002,0.0002,1.0
2023-09-19 17:45:00,0.86809,0.0,0.86489,0.86824,0.0002,0.0002,2.0
2023-09-19 18:38:00,0.86663,0.0,0.86489,0.86699,0.0002,0.0002,0.0
2023-09-19 18:52:00,0.86684,0.0,0.86489,0.86699,0.0002,0.0002,0.0
2023-09-19 18:55:00,0.86809,0.0,0.86489,0.86824,0.0002,0.0002,2.0
2023-09-19 19:48:00,0.86554,1.0,0.86489,0.86742,0.0002,0.0002,2.0
2023-09-19 19:56:00,0.86554,1.0,0.86489,0.86742,0.0002,0.0002,2.0
2023-09-19 20:02:00,0.86747,0.0,0.86489,0.86824,0.0002,0.0002,0.0
2023-09-19 20:14:00,0.86786,0.0,0.86489,0.86824,0.0002,0.0002,0.0
2023-09-19 23:19:00,0.86823,0.0,0.86776,0.86832,0.0002,0.0002,2.0
2023-09-19 23:23:00,0.86823,0.0,0.86776,0.86832,0.0002,0.0002,2.0
2023-09-20 00:03:00,0.86773,1.0,0.86772,0.86832,0.0002,0.0002,0.0
2023-09-20 00:22:00,0.86751,1.0,0.86748,0.86801,0.0002,0.0002,1.0
2023-09-20 01:14:00,0.86767,1.0,0.86754,0.86788,0.0002,0.0002,1.0
2023-09-20 01:53:00,0.86742,1.0,0.86741,0.86797,0.0002,0.0002,2.0
2023-09-20 02:32:00,0.86742,1.0,0.86741,0.86797,0.0002,0.0002,2.0
2023-09-20 02:46:00,0.86787,1.0,0.86775,0.86814,0.0002,0.0002,2.0
2023-09-20 03:26:00,0.86798,1.0,0.86796,0.86864,0.0002,0.0002,2.0
2023-09-20 03:41:00,0.86859,1.0,0.86841,0.86877,0.0002,0.0002,2.0
2023-09-20 03:53:00,0.86859,1.0,0.86841,0.86877,0.0002,0.0002,2.0
2023-09-20 04:10:00,0.86854,1.0,0.86841,0.86907,0.0002,0.0002,0.0
2023-09-20 04:44:00,0.86798,1.0,0.86796,0.86907,0.0002,0.0002,0.0
2023-09-20 05:11:00,0.86767,1.0,0.86741,0.86844,0.0002,0.0002,1.0
2023-09-20 05:20:00,0.86777,1.0,0.86775,0.86844,0.0002,0.0002,0.0
2023-09-20 06:11:00,0.86781,1.0,0.86742,0.86837,0.0002,0.0002,2.0
2023-09-20 06:26:00,0.86823,1.0,0.8681,0.86859,0.0002,0.0002,2.0
2023-09-20 06:32:00,0.86823,1.0,0.8681,0.86859,0.0002,0.0002,1.0
2023-09-20 07:27:00,0.86823,1.0,0.86812,0.86883,0.0002,0.0002,1.0
2023-09-20 08:06:00,0.86871,0.0,0.86809,0.86883,0.0002,0.0002,2.0
2023-09-20 08:09:00,0.86871,0.0,0.86809,0.86883,0.0002,0.0002,2.0
2023-09-20 08:17:00,0.86871,0.0,0.86809,0.86883,0.0002,0.0002,2.0
2023-09-20 09:14:00,0.86829,0.0,0.86797,0.86837,0.0002,0.0002,2.0
2023-09-20 09:19:00,0.86829,0.0,0.86797,0.86837,0.0002,0.0002,0.0
2023-09-20 09:45:00,0.86871,0.0,0.86789,0.86883,0.0002,0.0002,1.0
2023-09-20 10:09:00,0.86814,1.0,0.86789,0.86864,0.0002,0.0002,2.0
2023-09-20 10:49:00,0.86829,1.0,0.86821,0.86942,0.0002,0.0002,0.0
2023-09-20 11:13:00,0.86918,0.0,0.86812,0.86942,0.0002,0.0002,2.0
2023-09-20 13:08:00,0.86878,1.0,0.86812,0.86949,0.0002,0.0002,2.0
2023-09-20 13:39:00,0.86918,1.0,0.86905,0.86968,0.0002,0.0002,1.0
2023-09-20 13:44:00,0.86918,1.0,0.86905,0.86968,0.0002,0.0002,1.0
2023-09-20 13:55:00,0.86912,1.0,0.86905,0.86968,0.0002,0.0002,1.0
2023-09-20 14:53:00,0.86898,1.0,0.86898,0.87034,0.0002,0.0002,2.0
2023-09-20 15:09:00,0.86898,1.0,0.86898,0.87034,0.0002,0.0002,2.0
2023-09-20 15:12:00,0.870255,1.0,0.87011,0.8704,0.0002,0.0002,2.0
2023-09-20 15:28:00,0.87041,1.0,0.87021,0.87061,0.0002,0.0002,2.0
2023-09-20 15:48:00,0.8706849999999999,1.0,0.87041,0.87096,0.0002,0.0002,2.0
2023-09-20 16:06:00,0.8709,1.0,0.87073,0.87107,0.0002,0.0002,0.0
2023-09-20 16:11:00,0.8706,1.0,0.87041,0.87115,0.0002,0.0002,1.0
2023-09-20 16:20:00,0.87069,1.0,0.87041,0.87115,0.0002,0.0002,1.0
2023-09-20 16:54:00,0.87075,1.0,0.8705,0.87132,0.0002,0.0002,2.0
2023-09-20 17:11:00,0.87075,1.0,0.8705,0.87132,0.0002,0.0002,0.0
2023-09-20 17:21:00,0.87057,1.0,0.8705,0.87158,0.0002,0.0002,1.0
2023-09-20 17:24:00,0.87075,1.0,0.8705,0.87158,0.0002,0.0002,0.0
2023-09-20 17:29:00,0.87051,1.0,0.8705,0.87158,0.0002,0.0002,0.0
2023-09-20 17:32:00,0.87034,1.0,0.87021,0.87158,0.0002,0.0002,2.0
2023-09-20 18:18:00,0.87054,1.0,0.87035,0.87195,0.0002,0.0002,2.0
2023-09-20 19:11:00,0.87054,1.0,0.87035,0.87195,0.0002,0.0002,2.0
2023-09-20 20:07:00,0.8712,1.0,0.87113,0.87243,0.0002,0.0002,2.0
2023-09-20 20:37:00,0.87243,1.0,0.87211,0.87275,0.0002,0.0002,1.0
2023-09-20 20:43:00,0.87243,1.0,0.87211,0.87275,0.0002,0.0002,2.0
2023-09-20 20:52:00,0.87243,1.0,0.87211,0.87275,0.0002,0.0002,1.0
2023-09-20 21:22:00,0.8723,1.0,0.87211,0.87279,0.0002,0.0002,0.0
2023-09-20 21:30:00,0.8712,1.0,0.87113,0.87279,0.0002,0.0002,0.0
2023-09-21 00:01:00,0.86898,0.0,0.86822,0.86939,0.0002,0.0002,2.0
2023-09-21 00:16:00,0.86898,0.0,0.86822,0.86939,0.0002,0.0002,2.0
2023-09-21 00:23:00,0.86833,0.0,0.86786,0.86842,0.0002,0.0002,1.0
2023-09-21 01:16:00,0.8678049999999999,0.0,0.86713,0.86848,0.0002,0.0002,1.0
2023-09-21 02:00:00,0.8678049999999999,0.0,0.86713,0.86848,0.0002,0.0002,0.0
2023-09-21 02:23:00,0.8681,0.0,0.86713,0.86848,0.0002,0.0002,0.0
2023-09-21 02:38:00,0.8683,0.0,0.86713,0.86848,0.0002,0.0002,1.0
2023-09-21 02:46:00,0.86898,0.0,0.86713,0.86939,0.0002,0.0002,1.0
2023-09-21 03:04:00,0.86906,0.0,0.86713,0.86939,0.0002,0.0002,2.0
2023-09-21 04:53:00,0.86906,0.0,0.8659,0.86906,0.0002,0.0002,2.0
2023-09-21 05:19:00,0.866715,0.0,0.8659,0.86753,0.0002,0.0002,2.0
2023-09-21 05:22:00,0.8660300000000001,0.0,0.86567,0.86639,0.0002,0.0002,1.0
2023-09-21 05:32:00,0.8660300000000001,0.0,0.86567,0.86639,0.0002,0.0002,2.0
2023-09-21 05:41:00,0.86576,0.0,0.86544,0.86608,0.0002,0.0002,0.0
2023-09-21 05:47:00,0.86604,0.0,0.86544,0.86608,0.0002,0.0002,2.0
2023-09-21 06:01:00,0.86576,0.0,0.86544,0.86608,0.0002,0.0002,0.0
2023-09-21 06:08:00,0.866,0.0,0.86535,0.86608,0.0002,0.0002,2.0
2023-09-21 06:45:00,0.8651800000000001,0.0,0.86444,0.86592,0.0002,0.0002,2.0
2023-09-21 07:38:00,0.8651800000000001,0.0,0.86444,0.86592,0.0002,0.0002,2.0
2023-09-21 08:43:00,0.86488,0.0,0.86415,0.8651,0.0002,0.0002,2.0
2023-09-21 09:04:00,0.86423,0.0,0.86393,0.86438,0.0002,0.0002,0.0
2023-09-21 09:28:00,0.86488,0.0,0.86393,0.8651,0.0002,0.0002,2.0
2023-09-21 10:09:00,0.86449,0.0,0.86375,0.86481,0.0002,0.0002,0.0
2023-09-21 10:12:00,0.86488,0.0,0.86375,0.8651,0.0002,0.0002,0.0
2023-09-21 10:28:00,0.86501,0.0,0.86375,0.8651,0.0002,0.0002,0.0
2023-09-21 11:40:00,0.86541,0.0,0.86481,0.86579,0.0002,0.0002,1.0
2023-09-21 11:43:00,0.86543,0.0,0.86481,0.86579,0.0002,0.0002,2.0
2023-09-21 11:58:00,0.86534,0.0,0.86481,0.86579,0.0002,0.0002,2.0
2023-09-21 12:09:00,0.86534,0.0,0.86481,0.86579,0.0002,0.0002,1.0
2023-09-21 12:29:00,0.86534,0.0,0.86464,0.86544,0.0002,0.0002,2.0
2023-09-21 12:45:00,0.8652,0.0,0.86464,0.86544,0.0002,0.0002,2.0
2023-09-21 12:52:00,0.8652,0.0,0.86446,0.86544,0.0002,0.0002,2.0
2023-09-21 13:23:00,0.8652,0.0,0.86446,0.86544,0.0002,0.0002,2.0
2023-09-21 13:30:00,0.86452,0.0,0.86402,0.86475,0.0002,0.0002,1.0
2023-09-21 13:47:00,0.86378,1.0,0.86375,0.86475,0.0002,0.0002,2.0
2023-09-21 14:30:00,0.86486,1.0,0.86454,0.86525,0.0002,0.0002,1.0
2023-09-21 14:43:00,0.86488,1.0,0.86454,0.86525,0.0002,0.0002,2.0
2023-09-21 14:48:00,0.86488,1.0,0.86454,0.86525,0.0002,0.0002,2.0
2023-09-21 15:06:00,0.86517,1.0,0.86502,0.86554,0.0002,0.0002,1.0
2023-09-21 15:19:00,0.86517,1.0,0.86502,0.86554,0.0002,0.0002,0.0
2023-09-21 15:41:00,0.86485,1.0,0.86472,0.86554,0.0002,0.0002,1.0
2023-09-21 15:45:00,0.86497,1.0,0.86472,0.86554,0.0002,0.0002,0.0
2023-09-21 15:57:00,0.86474,1.0,0.86472,0.86554,0.0002,0.0002,0.0
2023-09-21 16:29:00,0.86444,0.0,0.8636,0.86515,0.0002,0.0002,2.0
2023-09-21 16:32:00,0.86444,0.0,0.8636,0.86515,0.0002,0.0002,0.0
2023-09-21 16:50:00,0.86475,0.0,0.86325,0.86515,0.0002,0.0002,1.0
2023-09-21 17:08:00,0.86378,1.0,0.86325,0.86469,0.0002,0.0002,2.0
2023-09-21 17:47:00,0.86444,1.0,0.86412,0.86532,0.0002,0.0002,1.0
2023-09-21 18:29:00,0.86448,1.0,0.86448,0.86639,0.0002,0.0002,2.0
2023-09-21 19:13:00,0.86448,1.0,0.86448,0.86639,0.0002,0.0002,2.0
2023-09-21 20:06:00,0.86448,1.0,0.86448,0.8665,0.0002,0.0002,2.0
2023-09-21 20:59:00,0.86478,1.0,0.86448,0.8665,0.0002,0.0002,2.0
2023-09-21 21:52:00,0.86496,1.0,0.8649,0.8658,0.0002,0.0002,1.0
2023-09-21 22:19:00,0.86496,1.0,0.8649,0.86593,0.0002,0.0002,0.0
2023-09-21 22:44:00,0.86468,1.0,0.8646,0.86556,0.0002,0.0002,0.0
2023-09-21 23:38:00,0.86456,1.0,0.86447,0.86507,0.0002,0.0002,2.0
2023-09-21 23:51:00,0.86456,1.0,0.86447,0.86507,0.0002,0.0002,2.0
2023-09-22 00:41:00,0.86481,1.0,0.8647,0.86512,0.0002,0.0002,0.0
2023-09-22 01:09:00,0.86454,1.0,0.86447,0.86512,0.0002,0.0002,0.0
2023-09-22 01:16:00,0.86456,1.0,0.86447,0.86512,0.0002,0.0002,0.0
2023-09-22 03:31:00,0.86472,0.0,0.86406,0.86512,0.0002,0.0002,2.0
2023-09-22 03:39:00,0.86472,0.0,0.86406,0.86512,0.0002,0.0002,2.0
2023-09-22 04:02:00,0.86472,0.0,0.86375,0.86492,0.0002,0.0002,2.0
2023-09-22 04:19:00,0.863665,0.0,0.86346,0.86387,0.0002,0.0002,2.0
2023-09-22 04:34:00,0.86351,0.0,0.86331,0.86358,0.0002,0.0002,0.0
2023-09-22 04:40:00,0.8637,0.0,0.86331,0.86387,0.0002,0.0002,0.0
2023-09-22 04:58:00,0.86472,0.0,0.86331,0.86492,0.0002,0.0002,2.0
2023-09-22 06:01:00,0.86337,1.0,0.86333,0.86464,0.0002,0.0002,2.0
2023-09-22 06:29:00,0.86419,1.0,0.86389,0.86525,0.0002,0.0002,1.0
2023-09-22 06:55:00,0.86419,1.0,0.86389,0.86525,0.0002,0.0002,2.0
2023-09-22 07:48:00,0.86433,1.0,0.86389,0.86525,0.0002,0.0002,2.0
2023-09-22 09:47:00,0.865415,0.0,0.86522,0.86561,0.0002,0.0002,1.0
2023-09-22 09:54:00,0.865415,0.0,0.86522,0.86561,0.0002,0.0002,2.0
2023-09-22 10:03:00,0.865415,0.0,0.86522,0.86561,0.0002,0.0002,2.0
2023-09-22 10:24:00,0.86528,0.0,0.86475,0.8654,0.0002,0.0002,0.0
2023-09-22 10:26:00,0.86544,0.0,0.86475,0.86561,0.0002,0.0002,0.0
2023-09-22 10:29:00,0.86556,0.0,0.86475,0.86561,0.0002,0.0002,0.0
2023-09-22 10:31:00,0.86553,0.0,0.86475,0.86561,0.0002,0.0002,0.0
2023-09-22 11:18:00,0.8649,1.0,0.86475,0.86558,0.0002,0.0002,2.0
2023-09-22 11:31:00,0.86522,1.0,0.86488,0.86615,0.0002,0.0002,2.0
2023-09-22 11:46:00,0.86522,1.0,0.86488,0.86615,0.0002,0.0002,2.0
2023-09-22 12:10:00,0.86522,1.0,0.86515,0.86668,0.0002,0.0002,2.0
2023-09-22 12:49:00,0.86522,1.0,0.86515,0.86668,0.0002,0.0002,2.0
2023-09-22 12:54:00,0.86641,1.0,0.86624,0.86686,0.0002,0.0002,2.0
2023-09-22 13:18:00,0.86641,1.0,0.86624,0.86686,0.0002,0.0002,0.0
2023-09-22 13:26:00,0.86522,1.0,0.86515,0.86689,0.0002,0.0002,2.0
2023-09-22 14:26:00,0.86625,1.0,0.86619,0.8673,0.0002,0.0002,2.0
2023-09-22 14:46:00,0.86625,1.0,0.86619,0.8673,0.0002,0.0002,2.0
2023-09-22 15:41:00,0.8665,1.0,0.86619,0.86698,0.0002,0.0002,1.0
2023-09-22 16:08:00,0.86653,1.0,0.8665,0.86725,0.0002,0.0002,1.0
2023-09-22 16:23:00,0.86653,1.0,0.8665,0.86725,0.0002,0.0002,2.0
2023-09-22 16:37:00,0.86653,1.0,0.8665,0.86725,0.0002,0.0002,2.0
2023-09-22 17:05:00,0.86722,1.0,0.86658,0.86853,0.0002,0.0002,2.0
2023-09-22 17:25:00,0.86856,1.0,0.86818,0.869,0.0002,0.0002,1.0
2023-09-22 17:37:00,0.86827,1.0,0.86818,0.869,0.0002,0.0002,0.0
2023-09-22 17:41:00,0.86722,1.0,0.86658,0.869,0.0002,0.0002,2.0
2023-09-22 18:44:00,0.86722,1.0,0.86658,0.86887,0.0002,0.0002,2.0
2023-09-22 19:07:00,0.86845,1.0,0.86769,0.86951,0.0002,0.0002,1.0
2023-09-22 19:16:00,0.86845,1.0,0.86769,0.86951,0.0002,0.0002,1.0
2023-09-22 19:31:00,0.86859,1.0,0.86769,0.86951,0.0002,0.0002,2.0
2023-09-22 20:24:00,0.86859,1.0,0.86769,0.86951,0.0002,0.0002,1.0
2023-09-22 21:04:00,0.86859,1.0,0.86769,0.86951,0.0002,0.0002,0.0
2023-09-22 21:42:00,0.86835,1.0,0.86769,0.86951,0.0002,0.0002,0.0
2023-09-22 22:52:00,0.86874,0.0,0.86806,0.86879,0.0002,0.0002,2.0
2023-09-22 23:45:00,0.86846,0.0,0.86806,0.86879,0.0002,0.0002,1.0
2023-09-23 00:01:00,0.86846,0.0,0.86806,0.86879,0.0002,0.0002,2.0
2023-09-23 00:09:00,0.86846,0.0,0.86806,0.86879,0.0002,0.0002,2.0
2023-09-23 00:20:00,0.86846,0.0,0.868,0.86853,0.0002,0.0002,2.0
2023-09-23 00:40:00,0.86846,0.0,0.868,0.86853,0.0002,0.0002,2.0
2023-09-25 01:34:00,0.86827,0.0,0.8669,0.86836,0.0002,0.0002,2.0
2023-09-25 02:27:00,0.86813,0.0,0.8669,0.86836,0.0002,0.0002,2.0
2023-09-25 03:20:00,0.86807,0.0,0.8669,0.86836,0.0002,0.0002,0.0
2023-09-25 03:37:00,0.86841,0.0,0.8669,0.86844,0.0002,0.0002,1.0
2023-09-25 03:44:00,0.86823,0.0,0.8669,0.86836,0.0002,0.0002,0.0
2023-09-25 04:14:00,0.86843,0.0,0.8669,0.86844,0.0002,0.0002,0.0
2023-09-25 05:59:00,0.86861,0.0,0.86669,0.86872,0.0002,0.0002,2.0
2023-09-25 06:43:00,0.86655,0.0,0.8661,0.86695,0.0002,0.0002,0.0
2023-09-25 07:11:00,0.86669,0.0,0.8661,0.86695,0.0002,0.0002,1.0
2023-09-25 07:18:00,0.86657,0.0,0.8661,0.86695,0.0002,0.0002,1.0
2023-09-25 07:35:00,0.86657,0.0,0.8661,0.86695,0.0002,0.0002,1.0
2023-09-25 08:04:00,0.86657,0.0,0.8661,0.86695,0.0002,0.0002,1.0
2023-09-25 08:38:00,0.86658,0.0,0.8661,0.86695,0.0002,0.0002,1.0
2023-09-25 09:01:00,0.86658,0.0,0.8661,0.86695,0.0002,0.0002,1.0
2023-09-25 09:06:00,0.86658,0.0,0.8661,0.86695,0.0002,0.0002,2.0
2023-09-25 09:40:00,0.86658,0.0,0.8661,0.86695,0.0002,0.0002,2.0
2023-09-25 10:04:00,0.86658,0.0,0.86534,0.86672,0.0002,0.0002,2.0
2023-09-25 10:57:00,0.86658,0.0,0.86534,0.86664,0.0002,0.0002,2.0
2023-09-25 11:41:00,0.86658,0.0,0.86534,0.86664,0.0002,0.0002,2.0
2023-09-25 11:50:00,0.86658,0.0,0.86534,0.86664,0.0002,0.0002,2.0
2023-09-25 11:53:00,0.86658,0.0,0.86534,0.86664,0.0002,0.0002,2.0
2023-09-25 11:56:00,0.8658,0.0,0.86517,0.86619,0.0002,0.0002,2.0
2023-09-25 12:03:00,0.8658,0.0,0.86517,0.86619,0.0002,0.0002,2.0
2023-09-25 12:08:00,0.86548,0.0,0.86515,0.86551,0.0002,0.0002,1.0
2023-09-25 12:18:00,0.86548,0.0,0.86515,0.86551,0.0002,0.0002,2.0
2023-09-25 12:33:00,0.86548,0.0,0.86515,0.86551,0.0002,0.0002,2.0
2023-09-25 12:37:00,0.8652500000000001,0.0,0.86507,0.86543,0.0002,0.0002,0.0
2023-09-25 12:40:00,0.86548,0.0,0.86507,0.86551,0.0002,0.0002,2.0
2023-09-25 12:53:00,0.86517,0.0,0.86494,0.8654,0.0002,0.0002,2.0
2023-09-25 13:04:00,0.86517,0.0,0.86494,0.8654,0.0002,0.0002,1.0
2023-09-25 13:26:00,0.86501,0.0,0.86476,0.8652,0.0002,0.0002,1.0
2023-09-25 13:33:00,0.86498,0.0,0.86476,0.8652,0.0002,0.0002,0.0
2023-09-25 13:41:00,0.86529,0.0,0.86476,0.8654,0.0002,0.0002,0.0
2023-09-25 14:01:00,0.8658,0.0,0.86476,0.86619,0.0002,0.0002,1.0
2023-09-25 14:50:00,0.86588,0.0,0.86563,0.86593,0.0002,0.0002,0.0
2023-09-25 14:57:00,0.86609,0.0,0.86563,0.86613,0.0002,0.0002,2.0
2023-09-25 16:05:00,0.86588,0.0,0.86436,0.86611,0.0002,0.0002,2.0
2023-09-25 16:58:00,0.86588,0.0,0.86436,0.86611,0.0002,0.0002,1.0
2023-09-25 17:43:00,0.86588,0.0,0.86436,0.86611,0.0002,0.0002,0.0
2023-09-25 17:53:00,0.86606,0.0,0.86436,0.86611,0.0002,0.0002,1.0
2023-09-25 17:58:00,0.86598,0.0,0.86436,0.86611,0.0002,0.0002,1.0
2023-09-25 18:02:00,0.86603,0.0,0.86436,0.86611,0.0002,0.0002,2.0
2023-09-25 18:32:00,0.86603,0.0,0.86436,0.86611,0.0002,0.0002,2.0
2023-09-25 18:52:00,0.86498,0.0,0.86422,0.86573,0.0002,0.0002,2.0
2023-09-25 19:07:00,0.86472,0.0,0.86377,0.86507,0.0002,0.0002,1.0
2023-09-25 19:50:00,0.86472,0.0,0.86377,0.86507,0.0002,0.0002,0.0
2023-09-25 20:00:00,0.86499,0.0,0.86377,0.86507,0.0002,0.0002,1.0
2023-09-25 20:04:00,0.86491,0.0,0.86377,0.86507,0.0002,0.0002,1.0
2023-09-25 20:10:00,0.86491,0.0,0.86377,0.86507,0.0002,0.0002,2.0
2023-09-25 21:03:00,0.8646,0.0,0.86377,0.86507,0.0002,0.0002,1.0
2023-09-25 21:07:00,0.86457,0.0,0.86377,0.86507,0.0002,0.0002,0.0
2023-09-25 21:12:00,0.86488,0.0,0.86377,0.86507,0.0002,0.0002,0.0
2023-09-25 21:27:00,0.86508,0.0,0.86377,0.86573,0.0002,0.0002,1.0
2023-09-25 21:32:00,0.86492,0.0,0.86377,0.86507,0.0002,0.0002,0.0
2023-09-25 21:43:00,0.86514,0.0,0.86377,0.86573,0.0002,0.0002,1.0
2023-09-25 21:46:00,0.86502,0.0,0.86377,0.86507,0.0002,0.0002,0.0
2023-09-25 22:01:00,0.86533,0.0,0.86377,0.86573,0.0002,0.0002,1.0
2023-09-25 22:55:00,0.86529,0.0,0.86473,0.86545,0.0002,0.0002,2.0
2023-09-25 23:42:00,0.86491,0.0,0.86443,0.86502,0.0002,0.0002,2.0
2023-09-25 23:51:00,0.86491,0.0,0.86443,0.86502,0.0002,0.0002,2.0
2023-09-25 23:54:00,0.86491,0.0,0.86443,0.86502,0.0002,0.0002,2.0
2023-09-26 00:00:00,0.86457,0.0,0.86437,0.86462,0.0002,0.0002,2.0
2023-09-26 00:12:00,0.86453,0.0,0.86437,0.86462,0.0002,0.0002,2.0
2023-09-26 01:26:00,0.86453,0.0,0.86374,0.86455,0.0002,0.0002,2.0
2023-09-26 01:47:00,0.86453,0.0,0.86325,0.86455,0.0002,0.0002,2.0
2023-09-26 02:42:00,0.86453,0.0,0.86371,0.86455,0.0002,0.0002,2.0
2023-09-26 03:35:00,0.864055,0.0,0.8639,0.86421,0.0002,0.0002,2.0
2023-09-26 04:01:00,0.86399,0.0,0.86363,0.86405,0.0002,0.0002,0.0
2023-09-26 04:08:00,0.86416,0.0,0.86363,0.86421,0.0002,0.0002,1.0
2023-09-26 04:43:00,0.86407,0.0,0.86363,0.86415,0.0002,0.0002,1.0
2023-09-26 04:47:00,0.86407,0.0,0.86363,0.86415,0.0002,0.0002,1.0
2023-09-26 04:56:00,0.86407,0.0,0.86363,0.86415,0.0002,0.0002,0.0
2023-09-26 08:44:00,0.86529,0.0,0.86462,0.86573,0.0002,0.0002,2.0
2023-09-26 09:13:00,0.86529,0.0,0.86462,0.86573,0.0002,0.0002,2.0
2023-09-26 09:42:00,0.86466,0.0,0.86376,0.86493,0.0002,0.0002,2.0
2023-09-26 10:35:00,0.86427,0.0,0.86318,0.86441,0.0002,0.0002,2.0
2023-09-26 11:00:00,0.8631249999999999,0.0,0.86276,0.86349,0.0002,0.0002,2.0
2023-09-26 11:05:00,0.8631249999999999,0.0,0.86276,0.86349,0.0002,0.0002,2.0
2023-09-26 11:21:00,0.86276,0.0,0.86197,0.86309,0.0002,0.0002,0.0
2023-09-26 11:27:00,0.86299,0.0,0.86197,0.86309,0.0002,0.0002,0.0
2023-09-26 11:31:00,0.86318,0.0,0.86197,0.86349,0.0002,0.0002,0.0
2023-09-26 11:35:00,0.86427,0.0,0.86197,0.86441,0.0002,0.0002,1.0
2023-09-26 11:58:00,0.86431,0.0,0.86197,0.86441,0.0002,0.0002,0.0
2023-09-26 12:04:00,0.86469,0.0,0.86197,0.86493,0.0002,0.0002,0.0
2023-09-26 12:11:00,0.86481,0.0,0.86197,0.86493,0.0002,0.0002,1.0
2023-09-26 12:42:00,0.8648,0.0,0.86197,0.86493,0.0002,0.0002,2.0
2023-09-26 14:29:00,0.86487,0.0,0.86421,0.86506,0.0002,0.0002,2.0
2023-09-26 14:49:00,0.86416,1.0,0.86396,0.86506,0.0002,0.0002,0.0
2023-09-26 15:08:00,0.86397,1.0,0.86396,0.86448,0.0002,0.0002,1.0
2023-09-26 15:15:00,0.86404,1.0,0.86396,0.86448,0.0002,0.0002,2.0
2023-09-26 15:51:00,0.86421,1.0,0.86396,0.86515,0.0002,0.0002,2.0
2023-09-26 16:15:00,0.86487,1.0,0.86477,0.86575,0.0002,0.0002,2.0
2023-09-26 16:20:00,0.86487,1.0,0.86477,0.86575,0.0002,0.0002,2.0
2023-09-26 17:05:00,0.86536,1.0,0.86526,0.86639,0.0002,0.0002,2.0
2023-09-26 17:58:00,0.86536,1.0,0.86526,0.86639,0.0002,0.0002,2.0
2023-09-26 18:51:00,0.86536,1.0,0.86526,0.86639,0.0002,0.0002,0.0
2023-09-26 19:10:00,0.86518,1.0,0.86477,0.86639,0.0002,0.0002,1.0
2023-09-26 19:15:00,0.86521,1.0,0.86477,0.86639,0.0002,0.0002,1.0
2023-09-26 19:18:00,0.86526,1.0,0.86477,0.86639,0.0002,0.0002,1.0
2023-09-26 19:24:00,0.86523,1.0,0.86477,0.86639,0.0002,0.0002,1.0
2023-09-26 19:49:00,0.86525,1.0,0.86522,0.86573,0.0002,0.0002,0.0
2023-09-26 21:21:00,0.86506,1.0,0.86486,0.86589,0.0002,0.0002,2.0
2023-09-26 22:14:00,0.86506,1.0,0.86486,0.86589,0.0002,0.0002,0.0
2023-09-27 00:11:00,0.86434,1.0,0.86427,0.8647,0.0002,0.0002,2.0
2023-09-27 00:24:00,0.86434,1.0,0.86427,0.8647,0.0002,0.0002,2.0
2023-09-27 00:30:00,0.8645700000000001,1.0,0.86438,0.86476,0.0002,0.0002,0.0
2023-09-27 01:42:00,0.86421,1.0,0.86403,0.86461,0.0002,0.0002,0.0
2023-09-27 02:01:00,0.86421,1.0,0.86403,0.86461,0.0002,0.0002,2.0
2023-09-27 02:09:00,0.86434,1.0,0.86407,0.86471,0.0002,0.0002,2.0
2023-09-27 03:06:00,0.86434,1.0,0.86407,0.86471,0.0002,0.0002,1.0
2023-09-27 04:27:00,0.86433,1.0,0.86421,0.86519,0.0002,0.0002,0.0
2023-09-27 04:38:00,0.86405,1.0,0.86403,0.86519,0.0002,0.0002,0.0
2023-09-27 05:32:00,0.86411,1.0,0.86382,0.8653,0.0002,0.0002,1.0
2023-09-27 06:24:00,0.86408,1.0,0.86382,0.8653,0.0002,0.0002,0.0
2023-09-27 06:34:00,0.86393,1.0,0.86382,0.8653,0.0002,0.0002,1.0
2023-09-27 07:31:00,0.86411,0.0,0.86306,0.86417,0.0002,0.0002,2.0
2023-09-27 07:58:00,0.863155,0.0,0.86268,0.86363,0.0002,0.0002,2.0
2023-09-27 08:25:00,0.86276,0.0,0.86232,0.86297,0.0002,0.0002,0.0
2023-09-27 08:37:00,0.8631,0.0,0.86232,0.86363,0.0002,0.0002,1.0
2023-09-27 10:32:00,0.86285,0.0,0.86192,0.86322,0.0002,0.0002,2.0
2023-09-27 10:46:00,0.86285,0.0,0.86192,0.86322,0.0002,0.0002,1.0
2023-09-27 11:06:00,0.86285,0.0,0.86179,0.86322,0.0002,0.0002,0.0
2023-09-27 11:25:00,0.86315,0.0,0.86179,0.86322,0.0002,0.0002,2.0
2023-09-27 12:23:00,0.86238,0.0,0.86205,0.86268,0.0002,0.0002,0.0
2023-09-27 12:31:00,0.86296,0.0,0.86205,0.86314,0.0002,0.0002,2.0
2023-09-27 13:43:00,0.86265,0.0,0.86229,0.86295,0.0002,0.0002,0.0
2023-09-27 13:52:00,0.86292,0.0,0.86229,0.86295,0.0002,0.0002,1.0
2023-09-27 14:23:00,0.86284,0.0,0.86219,0.86297,0.0002,0.0002,2.0
2023-09-27 15:08:00,0.86248,0.0,0.8617,0.86255,0.0002,0.0002,2.0
2023-09-27 15:17:00,0.86248,0.0,0.8617,0.86255,0.0002,0.0002,2.0
2023-09-27 15:25:00,0.86248,0.0,0.8617,0.86255,0.0002,0.0002,2.0
2023-09-27 15:46:00,0.8617049999999999,0.0,0.86105,0.86236,0.0002,0.0002,0.0
2023-09-27 15:56:00,0.86194,0.0,0.86105,0.86236,0.0002,0.0002,1.0
2023-09-27 16:41:00,0.86183,0.0,0.86105,0.86236,0.0002,0.0002,1.0
2023-09-27 16:50:00,0.86174,0.0,0.86105,0.86236,0.0002,0.0002,1.0
2023-09-27 16:54:00,0.86171,0.0,0.86105,0.86236,0.0002,0.0002,1.0
2023-09-27 17:01:00,0.86179,0.0,0.86105,0.86236,0.0002,0.0002,1.0
2023-09-27 17:04:00,0.86171,0.0,0.86105,0.86236,0.0002,0.0002,0.0
2023-09-27 17:10:00,0.86219,0.0,0.86105,0.86236,0.0002,0.0002,0.0
2023-09-27 17:15:00,0.86251,0.0,0.86105,0.86255,0.0002,0.0002,1.0
2023-09-27 17:21:00,0.86226,0.0,0.86105,0.86236,0.0002,0.0002,1.0
2023-09-27 20:58:00,0.85904,0.0,0.8587,0.85938,0.0002,0.0002,0.0
2023-09-27 21:02:00,0.85937,0.0,0.8587,0.85938,0.0002,0.0002,1.0
2023-09-27 21:59:00,0.858215,0.0,0.857,0.85943,0.0002,0.0002,2.0
2023-09-27 22:28:00,0.8569150000000001,0.0,0.8565,0.85733,0.0002,0.0002,0.0
2023-09-27 22:32:00,0.85725,0.0,0.8565,0.85733,0.0002,0.0002,0.0
2023-09-27 22:35:00,0.8579650000000001,0.0,0.8565,0.85943,0.0002,0.0002,0.0
2023-09-27 22:41:00,0.85812,0.0,0.8565,0.85943,0.0002,0.0002,0.0
2023-09-27 22:48:00,0.85834,0.0,0.8565,0.85943,0.0002,0.0002,1.0
2023-09-27 22:51:00,0.85827,0.0,0.8565,0.85943,0.0002,0.0002,0.0
2023-09-27 23:01:00,0.85854,0.0,0.8565,0.85943,0.0002,0.0002,0.0
2023-09-27 23:07:00,0.85869,0.0,0.8565,0.85943,0.0002,0.0002,0.0
2023-09-27 23:12:00,0.85913,0.0,0.8565,0.85943,0.0002,0.0002,1.0
2023-09-27 23:15:00,0.85887,0.0,0.8565,0.85943,0.0002,0.0002,1.0
2023-09-27 23:56:00,0.85867,0.0,0.85759,0.85912,0.0002,0.0002,2.0
2023-09-28 00:36:00,0.8577049999999999,0.0,0.85721,0.8582,0.0002,0.0002,2.0
2023-09-28 01:11:00,0.8577049999999999,0.0,0.85721,0.8582,0.0002,0.0002,2.0
2023-09-28 01:31:00,0.8577049999999999,0.0,0.85721,0.8582,0.0002,0.0002,2.0
2023-09-28 01:35:00,0.85763,0.0,0.85701,0.85763,0.0002,0.0002,2.0
2023-09-28 01:58:00,0.85763,0.0,0.85701,0.85763,0.0002,0.0002,2.0
2023-09-28 02:07:00,0.85727,0.0,0.85693,0.85761,0.0002,0.0002,2.0
2023-09-28 02:19:00,0.85727,0.0,0.85693,0.85761,0.0002,0.0002,2.0
2023-09-28 02:32:00,0.85688,1.0,0.8565,0.85732,0.0002,0.0002,1.0
2023-09-28 03:01:00,0.85727,0.0,0.85686,0.85732,0.0002,0.0002,2.0
2023-09-28 03:37:00,0.85708,0.0,0.85665,0.85717,0.0002,0.0002,0.0
2023-09-28 03:46:00,0.85727,0.0,0.85665,0.85732,0.0002,0.0002,1.0
2023-09-28 03:58:00,0.85708,0.0,0.85665,0.85717,0.0002,0.0002,1.0
2023-09-28 04:01:00,0.85665,1.0,0.85665,0.85742,0.0002,0.0002,2.0
2023-09-28 04:13:00,0.85665,1.0,0.85665,0.85742,0.0002,0.0002,2.0
2023-09-28 04:17:00,0.85708,1.0,0.85698,0.85762,0.0002,0.0002,2.0
2023-09-28 04:59:00,0.85727,1.0,0.8571,0.85809,0.0002,0.0002,2.0
2023-09-28 05:05:00,0.85799,1.0,0.85786,0.85813,0.0002,0.0002,1.0
2023-09-28 05:14:00,0.85794,1.0,0.85786,0.85813,0.0002,0.0002,0.0
2023-09-28 05:16:00,0.85727,1.0,0.8571,0.85813,0.0002,0.0002,2.0
2023-09-28 05:36:00,0.858205,1.0,0.85772,0.85869,0.0002,0.0002,2.0
2023-09-28 06:07:00,0.85867,1.0,0.85821,0.85954,0.0002,0.0002,2.0
2023-09-28 06:53:00,0.85867,1.0,0.85821,0.85954,0.0002,0.0002,2.0
2023-09-28 08:20:00,0.85982,0.0,0.85901,0.86009,0.0002,0.0002,2.0
2023-09-28 08:28:00,0.85982,0.0,0.85901,0.86009,0.0002,0.0002,0.0
2023-09-28 09:01:00,0.86008,0.0,0.85893,0.86009,0.0002,0.0002,0.0
2023-09-28 12:35:00,0.86052,0.0,0.85937,0.8606,0.0002,0.0002,0.0
2023-09-28 14:25:00,0.86163,0.0,0.86141,0.86185,0.0002,0.0002,1.0
2023-09-28 14:34:00,0.86177,0.0,0.86141,0.86185,0.0002,0.0002,0.0
2023-09-28 15:27:00,0.86251,0.0,0.86194,0.86267,0.0002,0.0002,2.0
2023-09-28 15:46:00,0.86204,0.0,0.86163,0.86237,0.0002,0.0002,2.0
2023-09-28 16:03:00,0.86204,0.0,0.86163,0.86237,0.0002,0.0002,0.0
2023-09-28 16:19:00,0.86226,0.0,0.86155,0.86237,0.0002,0.0002,1.0
2023-09-28 16:40:00,0.86222,1.0,0.86179,0.86292,0.0002,0.0002,0.0
2023-09-28 16:46:00,0.86182,1.0,0.86179,0.86292,0.0002,0.0002,0.0
2023-09-28 16:52:00,0.86181,1.0,0.86179,0.86292,0.0002,0.0002,2.0
2023-09-28 17:43:00,0.86251,1.0,0.8618,0.86339,0.0002,0.0002,2.0
2023-09-28 20:01:00,0.865515,1.0,0.86506,0.86597,0.0002,0.0002,1.0
2023-09-28 20:23:00,0.865515,1.0,0.86506,0.86597,0.0002,0.0002,2.0
2023-09-28 20:37:00,0.86585,1.0,0.86541,0.86629,0.0002,0.0002,2.0
2023-09-28 20:49:00,0.86609,1.0,0.86609,0.86657,0.0002,0.0002,1.0
2023-09-28 21:34:00,0.86598,1.0,0.86598,0.86715,0.0002,0.0002,2.0
2023-09-28 21:54:00,0.8670450000000001,1.0,0.86685,0.86724,0.0002,0.0002,1.0
2023-09-28 22:12:00,0.8670450000000001,1.0,0.86685,0.86724,0.0002,0.0002,1.0
2023-09-28 22:23:00,0.8671599999999999,1.0,0.86693,0.86739,0.0002,0.0002,1.0
2023-09-28 22:34:00,0.8671599999999999,1.0,0.86693,0.86739,0.0002,0.0002,1.0
2023-09-28 22:47:00,0.86707,1.0,0.86693,0.86739,0.0002,0.0002,0.0
2023-09-28 22:50:00,0.86698,1.0,0.86693,0.86739,0.0002,0.0002,0.0
2023-09-28 23:08:00,0.86598,1.0,0.86598,0.86742,0.0002,0.0002,2.0
2023-09-29 00:02:00,0.86598,1.0,0.86598,0.86723,0.0002,0.0002,2.0
2023-09-29 01:16:00,0.86652,1.0,0.86645,0.86684,0.0002,0.0002,1.0
2023-09-29 01:38:00,0.865965,1.0,0.86507,0.86686,0.0002,0.0002,2.0
2023-09-29 02:01:00,0.865965,1.0,0.86507,0.86686,0.0002,0.0002,2.0
2023-09-29 02:09:00,0.86652,1.0,0.86626,0.86689,0.0002,0.0002,2.0
2023-09-29 02:17:00,0.86652,1.0,0.86626,0.86689,0.0002,0.0002,2.0
2023-09-29 02:26:00,0.866795,1.0,0.86661,0.86698,0.0002,0.0002,1.0
2023-09-29 03:01:00,0.86703,0.0,0.86661,0.86723,0.0002,0.0002,1.0
2023-09-29 04:00:00,0.86709,0.0,0.86662,0.86723,0.0002,0.0002,1.0
2023-09-29 04:06:00,0.866825,1.0,0.86662,0.86703,0.0002,0.0002,1.0
2023-09-29 04:14:00,0.86688,1.0,0.86666,0.86711,0.0002,0.0002,2.0
2023-09-29 04:45:00,0.86691,1.0,0.86683,0.86748,0.0002,0.0002,2.0
2023-10-02 07:12:00,0.87174,0.0,0.8707,0.87197,0.0002,0.0002,2.0
2023-10-02 07:39:00,0.87174,0.0,0.8707,0.87197,0.0002,0.0002,2.0
2023-10-02 07:45:00,0.870905,0.0,0.87064,0.87117,0.0002,0.0002,2.0
2023-10-02 07:58:00,0.870905,0.0,0.87064,0.87117,0.0002,0.0002,2.0
2023-10-02 08:19:00,0.8706799999999999,0.0,0.87052,0.87084,0.0002,0.0002,2.0
2023-10-02 08:27:00,0.8706799999999999,0.0,0.87052,0.87084,0.0002,0.0002,2.0
2023-10-02 08:47:00,0.87045,0.0,0.87021,0.87069,0.0002,0.0002,2.0
2023-10-02 08:54:00,0.87045,0.0,0.87021,0.87069,0.0002,0.0002,2.0
2023-10-02 09:02:00,0.87027,0.0,0.8701,0.87034,0.0002,0.0002,2.0
2023-10-02 09:18:00,0.87036,0.0,0.86999,0.87069,0.0002,0.0002,1.0
2023-10-02 09:59:00,0.87035,0.0,0.86949,0.87035,0.0002,0.0002,0.0
2023-10-02 10:13:00,0.87058,0.0,0.86949,0.87069,0.0002,0.0002,0.0
2023-10-02 10:21:00,0.87082,0.0,0.86949,0.87084,0.0002,0.0002,1.0
2023-10-02 10:26:00,0.87073,0.0,0.86949,0.87084,0.0002,0.0002,1.0
2023-10-02 10:38:00,0.87065,0.0,0.86949,0.87069,0.0002,0.0002,0.0
2023-10-02 10:51:00,0.87092,0.0,0.86949,0.87117,0.0002,0.0002,1.0
2023-10-02 11:05:00,0.87097,0.0,0.87039,0.87117,0.0002,0.0002,0.0
2023-10-02 12:02:00,0.87158,0.0,0.87054,0.87167,0.0002,0.0002,2.0
2023-10-02 12:55:00,0.87158,0.0,0.87054,0.87167,0.0002,0.0002,2.0
2023-10-02 13:46:00,0.87048,1.0,0.87039,0.87167,0.0002,0.0002,1.0
2023-10-02 14:00:00,0.87045,1.0,0.87039,0.87114,0.0002,0.0002,1.0
2023-10-02 14:50:00,0.87045,1.0,0.87039,0.87114,0.0002,0.0002,1.0
2023-10-02 16:32:00,0.87018,1.0,0.87001,0.87098,0.0002,0.0002,0.0
2023-10-02 17:14:00,0.87011,1.0,0.87001,0.87098,0.0002,0.0002,1.0
2023-10-02 17:17:00,0.87008,1.0,0.87001,0.87098,0.0002,0.0002,2.0
2023-10-02 17:55:00,0.87058,1.0,0.87004,0.87165,0.0002,0.0002,0.0
2023-10-02 18:32:00,0.87078,1.0,0.87077,0.87183,0.0002,0.0002,2.0
2023-10-02 18:36:00,0.87173,1.0,0.87113,0.87279,0.0002,0.0002,0.0
2023-10-02 18:48:00,0.87078,1.0,0.87077,0.87279,0.0002,0.0002,0.0
2023-10-02 18:56:00,0.87056,1.0,0.87004,0.87279,0.0002,0.0002,1.0
2023-10-02 19:01:00,0.87055,1.0,0.87004,0.87279,0.0002,0.0002,1.0
2023-10-02 20:06:00,0.87043,1.0,0.87004,0.87279,0.0002,0.0002,1.0
2023-10-02 20:10:00,0.87034,1.0,0.87004,0.87279,0.0002,0.0002,1.0
2023-10-02 20:48:00,0.87034,1.0,0.87004,0.87196,0.0002,0.0002,2.0
2023-10-03 02:31:00,0.87024,0.0,0.86975,0.87038,0.0002,0.0002,1.0
2023-10-03 02:42:00,0.87022,0.0,0.86975,0.87038,0.0002,0.0002,2.0
2023-10-03 03:01:00,0.86996,1.0,0.86975,0.87033,0.0002,0.0002,1.0
2023-10-03 03:59:00,0.87,1.0,0.86974,0.87055,0.0002,0.0002,0.0
2023-10-03 04:17:00,0.87029,0.0,0.86957,0.87055,0.0002,0.0002,2.0
2023-10-03 04:35:00,0.87029,0.0,0.86957,0.87055,0.0002,0.0002,0.0
2023-10-03 04:55:00,0.87048,0.0,0.86955,0.87055,0.0002,0.0002,2.0
2023-10-03 05:51:00,0.87037,0.0,0.86954,0.87051,0.0002,0.0002,2.0
2023-10-03 06:11:00,0.86965,0.0,0.86885,0.86981,0.0002,0.0002,2.0
2023-10-03 06:38:00,0.8688100000000001,0.0,0.86841,0.86921,0.0002,0.0002,2.0
2023-10-03 06:44:00,0.8688100000000001,0.0,0.86841,0.86921,0.0002,0.0002,2.0
2023-10-03 06:53:00,0.868635,0.0,0.86837,0.8689,0.0002,0.0002,0.0
2023-10-03 07:03:00,0.86881,0.0,0.86837,0.8689,0.0002,0.0002,1.0
2023-10-03 07:16:00,0.8687,0.0,0.86837,0.8689,0.0002,0.0002,0.0
2023-10-03 07:28:00,0.86906,0.0,0.86837,0.86921,0.0002,0.0002,1.0
2023-10-03 07:32:00,0.86889,0.0,0.86837,0.8689,0.0002,0.0002,2.0
2023-10-03 07:38:00,0.86902,0.0,0.86807,0.86902,0.0002,0.0002,0.0
2023-10-03 07:42:00,0.86935,0.0,0.86807,0.86981,0.0002,0.0002,1.0
2023-10-03 07:49:00,0.86931,0.0,0.86807,0.86981,0.0002,0.0002,1.0
2023-10-03 08:57:00,0.86902,0.0,0.86586,0.86943,0.0002,0.0002,2.0
2023-10-03 09:03:00,0.86902,0.0,0.86586,0.86943,0.0002,0.0002,2.0
2023-10-03 09:10:00,0.86902,0.0,0.86586,0.86943,0.0002,0.0002,2.0
2023-10-03 09:21:00,0.8661,0.0,0.86576,0.86623,0.0002,0.0002,1.0
2023-10-03 09:25:00,0.8659950000000001,0.0,0.86576,0.86623,0.0002,0.0002,1.0
2023-10-03 09:42:00,0.8658950000000001,0.0,0.86568,0.86611,0.0002,0.0002,2.0
2023-10-03 10:07:00,0.865235,0.0,0.86471,0.86576,0.0002,0.0002,0.0
2023-10-03 10:11:00,0.86548,0.0,0.86471,0.86576,0.0002,0.0002,2.0
2023-10-03 10:25:00,0.865235,0.0,0.86471,0.86576,0.0002,0.0002,0.0
2023-10-03 10:28:00,0.86546,0.0,0.86471,0.86576,0.0002,0.0002,0.0
2023-10-03 11:02:00,0.86566,0.0,0.86464,0.86576,0.0002,0.0002,0.0
2023-10-03 11:16:00,0.86608,0.0,0.86464,0.86611,0.0002,0.0002,1.0
2023-10-03 11:19:00,0.86587,0.0,0.86464,0.86611,0.0002,0.0002,1.0
2023-10-03 11:37:00,0.86608,0.0,0.86464,0.86611,0.0002,0.0002,1.0
2023-10-03 11:42:00,0.86608,0.0,0.86464,0.86611,0.0002,0.0002,0.0
2023-10-03 11:49:00,0.86629,0.0,0.86464,0.86633,0.0002,0.0002,0.0
2023-10-03 12:05:00,0.86653,0.0,0.8653,0.8667,0.0002,0.0002,1.0
2023-10-03 12:34:00,0.86625,0.0,0.86587,0.86654,0.0002,0.0002,1.0
2023-10-03 12:37:00,0.866205,0.0,0.86587,0.86654,0.0002,0.0002,1.0
2023-10-03 12:42:00,0.866205,0.0,0.86587,0.86654,0.0002,0.0002,2.0
2023-10-03 12:53:00,0.866205,0.0,0.86587,0.86654,0.0002,0.0002,2.0
2023-10-03 13:19:00,0.86596,0.0,0.86512,0.86604,0.0002,0.0002,1.0
2023-10-03 13:58:00,0.8653,1.0,0.86512,0.86631,0.0002,0.0002,0.0
2023-10-03 14:21:00,0.86517,1.0,0.86512,0.86631,0.0002,0.0002,0.0
2023-10-03 14:54:00,0.866,0.0,0.86446,0.86631,0.0002,0.0002,2.0
2023-10-03 14:57:00,0.866,0.0,0.86446,0.86631,0.0002,0.0002,2.0
2023-10-03 15:21:00,0.86474,0.0,0.8642,0.86518,0.0002,0.0002,2.0
2023-10-03 15:35:00,0.86471,0.0,0.8642,0.86518,0.0002,0.0002,2.0
2023-10-03 15:39:00,0.86436,0.0,0.86407,0.86465,0.0002,0.0002,0.0
2023-10-03 15:43:00,0.86464,0.0,0.86407,0.86465,0.0002,0.0002,1.0
2023-10-03 15:47:00,0.8645,0.0,0.86407,0.86465,0.0002,0.0002,1.0
2023-10-03 15:50:00,0.86439,0.0,0.86407,0.86465,0.0002,0.0002,0.0
2023-10-03 15:55:00,0.86472,0.0,0.86407,0.86518,0.0002,0.0002,1.0
2023-10-03 16:08:00,0.86483,0.0,0.86407,0.86518,0.0002,0.0002,0.0
2023-10-03 16:12:00,0.86506,0.0,0.86407,0.86518,0.0002,0.0002,0.0
2023-10-03 16:21:00,0.866,0.0,0.86407,0.86631,0.0002,0.0002,2.0
2023-10-03 17:09:00,0.86499,0.0,0.86353,0.86537,0.0002,0.0002,2.0
2023-10-03 17:37:00,0.86414,0.0,0.86274,0.86421,0.0002,0.0002,0.0
2023-10-03 17:45:00,0.86499,0.0,0.86274,0.86537,0.0002,0.0002,0.0
2023-10-03 18:20:00,0.8651,0.0,0.86274,0.86537,0.0002,0.0002,1.0
2023-10-03 21:01:00,0.8639,1.0,0.86297,0.86507,0.0002,0.0002,0.0
2023-10-03 21:32:00,0.86368,1.0,0.86297,0.86507,0.0002,0.0002,0.0
2023-10-03 21:51:00,0.86342,1.0,0.86297,0.86507,0.0002,0.0002,1.0
2023-10-03 21:54:00,0.86363,1.0,0.86297,0.86507,0.0002,0.0002,0.0
2023-10-03 21:56:00,0.86338,1.0,0.86297,0.86507,0.0002,0.0002,0.0
2023-10-03 22:26:00,0.8639,0.0,0.86246,0.86448,0.0002,0.0002,1.0
2023-10-03 22:54:00,0.8639,0.0,0.86246,0.86448,0.0002,0.0002,0.0
2023-10-03 22:59:00,0.86429,0.0,0.86246,0.86448,0.0002,0.0002,2.0
2023-10-04 00:12:00,0.86371,1.0,0.86358,0.86426,0.0002,0.0002,2.0
2023-10-04 00:24:00,0.86371,1.0,0.86358,0.86426,0.0002,0.0002,0.0
2023-10-04 01:21:00,0.86275,1.0,0.86246,0.86444,0.0002,0.0002,2.0
2023-10-04 02:21:00,0.86359,1.0,0.86358,0.86421,0.0002,0.0002,1.0
2023-10-04 03:05:00,0.86359,1.0,0.86358,0.86421,0.0002,0.0002,0.0
2023-10-04 03:31:00,0.86419,0.0,0.86333,0.86421,0.0002,0.0002,0.0
2023-10-04 04:33:00,0.86481,0.0,0.86425,0.86524,0.0002,0.0002,0.0
2023-10-04 04:39:00,0.86503,0.0,0.86425,0.86524,0.0002,0.0002,1.0
2023-10-04 04:42:00,0.86485,0.0,0.86425,0.86524,0.0002,0.0002,0.0
2023-10-04 04:50:00,0.86513,0.0,0.86425,0.86524,0.0002,0.0002,2.0
2023-10-04 05:02:00,0.86364,1.0,0.86333,0.86524,0.0002,0.0002,0.0
2023-10-04 05:49:00,0.86364,0.0,0.86249,0.86439,0.0002,0.0002,1.0
2023-10-04 06:00:00,0.86364,0.0,0.86249,0.86439,0.0002,0.0002,0.0
2023-10-04 07:04:00,0.86334,1.0,0.86249,0.86446,0.0002,0.0002,1.0
2023-10-04 07:51:00,0.86334,1.0,0.86249,0.86446,0.0002,0.0002,2.0
2023-10-04 08:44:00,0.86334,1.0,0.86249,0.86446,0.0002,0.0002,2.0
2023-10-04 09:02:00,0.86363,1.0,0.86336,0.86608,0.0002,0.0002,2.0
2023-10-04 09:16:00,0.86431,1.0,0.86385,0.86608,0.0002,0.0002,2.0
2023-10-04 10:15:00,0.865045,0.0,0.86447,0.86562,0.0002,0.0002,2.0
2023-10-04 10:29:00,0.865045,0.0,0.86447,0.86562,0.0002,0.0002,1.0
2023-10-04 10:52:00,0.86506,0.0,0.86435,0.86562,0.0002,0.0002,1.0
2023-10-04 11:01:00,0.86505,0.0,0.86435,0.86562,0.0002,0.0002,0.0
2023-10-04 11:05:00,0.86542,0.0,0.86435,0.86562,0.0002,0.0002,0.0
2023-10-04 11:14:00,0.86568,0.0,0.86435,0.86576,0.0002,0.0002,1.0
2023-10-04 11:31:00,0.86481,1.0,0.86472,0.86571,0.0002,0.0002,2.0
2023-10-04 11:51:00,0.86481,1.0,0.86472,0.86571,0.0002,0.0002,2.0
2023-10-04 11:57:00,0.86568,1.0,0.86511,0.86627,0.0002,0.0002,2.0
2023-10-04 12:02:00,0.86568,1.0,0.86511,0.86627,0.0002,0.0002,2.0
2023-10-04 12:17:00,0.86568,1.0,0.86511,0.86627,0.0002,0.0002,1.0
2023-10-04 12:41:00,0.86578,1.0,0.86547,0.86653,0.0002,0.0002,0.0
2023-10-04 12:51:00,0.8656,1.0,0.86547,0.86653,0.0002,0.0002,2.0
2023-10-04 13:44:00,0.86578,1.0,0.86547,0.86653,0.0002,0.0002,2.0
2023-10-04 14:30:00,0.86578,1.0,0.86547,0.86653,0.0002,0.0002,2.0
2023-10-04 15:22:00,0.86627,1.0,0.8659,0.86757,0.0002,0.0002,1.0
2023-10-04 16:04:00,0.86615,1.0,0.8659,0.86757,0.0002,0.0002,0.0
2023-10-04 16:08:00,0.86606,1.0,0.8659,0.86757,0.0002,0.0002,2.0
2023-10-04 18:07:00,0.86982,0.0,0.86903,0.87036,0.0002,0.0002,0.0
2023-10-04 18:17:00,0.8701,0.0,0.86903,0.87036,0.0002,0.0002,1.0
2023-10-04 18:24:00,0.87028,0.0,0.86903,0.87036,0.0002,0.0002,1.0
2023-10-04 19:06:00,0.86977,0.0,0.86886,0.8704,0.0002,0.0002,0.0
2023-10-04 19:18:00,0.87005,0.0,0.86886,0.8704,0.0002,0.0002,0.0
2023-10-04 19:22:00,0.87031,0.0,0.86886,0.8704,0.0002,0.0002,0.0
2023-10-04 19:29:00,0.87034,0.0,0.86886,0.8704,0.0002,0.0002,0.0
2023-10-04 20:44:00,0.87064,0.0,0.86962,0.87105,0.0002,0.0002,2.0
2023-10-04 20:49:00,0.87064,0.0,0.86962,0.87105,0.0002,0.0002,2.0
2023-10-04 20:58:00,0.86977,0.0,0.86946,0.86981,0.0002,0.0002,2.0
2023-10-04 21:21:00,0.86977,0.0,0.86932,0.86994,0.0002,0.0002,2.0
2023-10-04 21:48:00,0.86947,0.0,0.86881,0.86955,0.0002,0.0002,0.0
2023-10-04 21:52:00,0.86977,0.0,0.86881,0.86994,0.0002,0.0002,2.0
2023-10-04 23:36:00,0.86972,0.0,0.86881,0.86994,0.0002,0.0002,0.0
2023-10-04 23:47:00,0.87064,0.0,0.86881,0.87089,0.0002,0.0002,2.0
2023-10-05 01:33:00,0.8697,0.0,0.86868,0.86998,0.0002,0.0002,2.0
2023-10-05 01:54:00,0.8697,0.0,0.86868,0.86998,0.0002,0.0002,2.0
2023-10-05 02:00:00,0.8697,0.0,0.86863,0.86998,0.0002,0.0002,0.0
2023-10-05 02:44:00,0.86992,0.0,0.86863,0.86998,0.0002,0.0002,1.0
2023-10-05 03:56:00,0.87003,0.0,0.8697,0.87005,0.0002,0.0002,1.0
2023-10-05 06:31:00,0.87249,1.0,0.87228,0.87319,0.0002,0.0002,1.0
2023-10-05 06:36:00,0.87249,1.0,0.87228,0.87319,0.0002,0.0002,2.0
2023-10-05 09:42:00,0.87396,0.0,0.8731,0.87434,0.0002,0.0002,2.0
2023-10-05 09:46:00,0.87396,0.0,0.8731,0.87434,0.0002,0.0002,2.0
2023-10-05 10:21:00,0.87319,0.0,0.87248,0.87353,0.0002,0.0002,2.0
2023-10-05 12:31:00,0.87255,0.0,0.87174,0.87305,0.0002,0.0002,0.0
2023-10-05 12:35:00,0.87276,0.0,0.87174,0.87305,0.0002,0.0002,1.0
2023-10-05 13:01:00,0.87264,0.0,0.87174,0.87305,0.0002,0.0002,0.0
2023-10-05 13:07:00,0.87296,0.0,0.87174,0.87305,0.0002,0.0002,1.0
2023-10-05 13:12:00,0.87295,0.0,0.87174,0.87305,0.0002,0.0002,1.0
2023-10-05 13:48:00,0.8729199999999999,0.0,0.87274,0.8731,0.0002,0.0002,2.0
2023-10-05 13:52:00,0.87301,0.0,0.87274,0.8731,0.0002,0.0002,1.0
2023-10-05 13:55:00,0.8729199999999999,0.0,0.87274,0.8731,0.0002,0.0002,2.0
2023-10-05 14:08:00,0.87287,0.0,0.87248,0.87298,0.0002,0.0002,0.0
2023-10-05 14:16:00,0.87303,0.0,0.87248,0.8731,0.0002,0.0002,0.0
2023-10-05 15:29:00,0.87372,0.0,0.87344,0.87397,0.0002,0.0002,0.0
2023-10-05 15:37:00,0.87396,0.0,0.87344,0.87397,0.0002,0.0002,2.0
2023-10-05 16:01:00,0.87372,0.0,0.87283,0.87402,0.0002,0.0002,2.0
2023-10-05 16:07:00,0.87372,0.0,0.87283,0.87402,0.0002,0.0002,2.0
2023-10-05 16:28:00,0.87263,0.0,0.87173,0.87333,0.0002,0.0002,2.0
2023-10-05 16:53:00,0.87195,0.0,0.87073,0.87218,0.0002,0.0002,0.0
2023-10-05 16:56:00,0.87263,0.0,0.87073,0.87333,0.0002,0.0002,0.0
2023-10-05 17:05:00,0.87282,0.0,0.87073,0.87333,0.0002,0.0002,1.0
2023-10-05 17:26:00,0.87293,0.0,0.87073,0.87333,0.0002,0.0002,0.0
2023-10-05 17:29:00,0.87372,0.0,0.87073,0.87402,0.0002,0.0002,2.0
2023-10-05 18:44:00,0.87335,0.0,0.87095,0.87339,0.0002,0.0002,2.0
2023-10-05 19:37:00,0.87335,0.0,0.87095,0.87339,0.0002,0.0002,2.0
2023-10-05 20:30:00,0.87335,0.0,0.87095,0.87339,0.0002,0.0002,2.0
2023-10-05 21:23:00,0.87274,0.0,0.87095,0.87317,0.0002,0.0002,0.0
2023-10-06 02:15:00,0.87351,0.0,0.87276,0.87362,0.0002,0.0002,1.0
2023-10-06 03:08:00,0.87355,0.0,0.87289,0.87368,0.0002,0.0002,1.0
2023-10-06 03:25:00,0.87355,0.0,0.87289,0.87368,0.0002,0.0002,1.0
2023-10-06 03:47:00,0.8734,0.0,0.87289,0.87368,0.0002,0.0002,2.0
2023-10-06 04:21:00,0.8734,0.0,0.87289,0.87368,0.0002,0.0002,2.0
2023-10-06 04:33:00,0.8734,0.0,0.87273,0.8736,0.0002,0.0002,0.0
2023-10-06 04:49:00,0.87359,0.0,0.87273,0.8736,0.0002,0.0002,0.0
2023-10-06 05:34:00,0.87367,0.0,0.87273,0.87368,0.0002,0.0002,0.0
2023-10-06 05:41:00,0.87359,0.0,0.87273,0.8736,0.0002,0.0002,1.0
2023-10-06 08:32:00,0.87369,0.0,0.87349,0.87386,0.0002,0.0002,1.0
2023-10-06 09:03:00,0.87367,0.0,0.87317,0.87373,0.0002,0.0002,2.0
2023-10-06 09:12:00,0.87367,0.0,0.87317,0.87373,0.0002,0.0002,2.0
2023-10-06 09:18:00,0.87317,0.0,0.87304,0.87328,0.0002,0.0002,2.0
2023-10-06 09:47:00,0.87292,0.0,0.87238,0.87331,0.0002,0.0002,2.0
2023-10-06 10:01:00,0.87292,0.0,0.87238,0.87331,0.0002,0.0002,2.0
2023-10-06 10:07:00,0.87292,0.0,0.87238,0.87331,0.0002,0.0002,2.0
2023-10-06 10:27:00,0.87249,0.0,0.87231,0.87265,0.0002,0.0002,0.0
2023-10-06 10:33:00,0.87292,0.0,0.87231,0.87331,0.0002,0.0002,2.0
2023-10-06 10:49:00,0.8726,0.0,0.87223,0.87272,0.0002,0.0002,0.0
2023-10-06 10:52:00,0.87268,0.0,0.87223,0.87272,0.0002,0.0002,1.0
2023-10-06 11:01:00,0.87291,0.0,0.87223,0.87331,0.0002,0.0002,0.0
2023-10-06 11:03:00,0.87337,0.0,0.87223,0.87373,0.0002,0.0002,1.0
2023-10-06 11:14:00,0.8732,0.0,0.87223,0.87331,0.0002,0.0002,2.0
2023-10-06 12:07:00,0.87295,0.0,0.87198,0.87341,0.0002,0.0002,2.0
2023-10-06 12:40:00,0.87295,0.0,0.87198,0.87341,0.0002,0.0002,2.0
2023-10-06 13:36:00,0.87295,0.0,0.87193,0.87341,0.0002,0.0002,2.0
2023-10-06 14:31:00,0.87234,0.0,0.87188,0.87241,0.0002,0.0002,2.0
2023-10-06 15:00:00,0.87208,0.0,0.87145,0.87209,0.0002,0.0002,1.0
2023-10-06 15:09:00,0.87202,0.0,0.87145,0.87209,0.0002,0.0002,1.0
2023-10-06 15:24:00,0.87202,0.0,0.87145,0.87209,0.0002,0.0002,1.0
2023-10-06 15:29:00,0.87202,0.0,0.87145,0.87209,0.0002,0.0002,0.0
2023-10-06 15:37:00,0.87227,0.0,0.87145,0.87241,0.0002,0.0002,0.0
2023-10-06 15:48:00,0.87254,0.0,0.87145,0.87276,0.0002,0.0002,1.0
2023-10-06 16:07:00,0.87254,0.0,0.87198,0.87276,0.0002,0.0002,1.0
2023-10-06 16:10:00,0.87254,0.0,0.87198,0.87276,0.0002,0.0002,0.0
2023-10-06 16:27:00,0.87273,0.0,0.87198,0.87276,0.0002,0.0002,1.0
2023-10-06 16:42:00,0.8722,0.0,0.86722,0.87299,0.0002,0.0002,2.0
2023-10-06 16:56:00,0.8722,0.0,0.86722,0.87299,0.0002,0.0002,2.0
2023-10-06 17:49:00,0.86855,0.0,0.86747,0.86909,0.0002,0.0002,0.0
2023-10-06 18:00:00,0.86906,0.0,0.86747,0.86909,0.0002,0.0002,0.0
2023-10-06 18:06:00,0.8722,0.0,0.86747,0.87299,0.0002,0.0002,2.0
2023-10-06 19:13:00,0.8722,0.0,0.86747,0.87299,0.0002,0.0002,0.0
2023-10-06 19:32:00,0.87253,0.0,0.86747,0.87299,0.0002,0.0002,1.0
2023-10-06 19:36:00,0.87271,0.0,0.86747,0.87299,0.0002,0.0002,0.0
2023-10-06 19:45:00,0.87272,0.0,0.86747,0.87299,0.0002,0.0002,1.0
2023-10-06 20:31:00,0.87254,1.0,0.87241,0.87319,0.0002,0.0002,1.0
2023-10-06 20:37:00,0.87253,1.0,0.87241,0.87319,0.0002,0.0002,0.0
2023-10-06 20:41:00,0.8718,1.0,0.87057,0.87319,0.0002,0.0002,2.0
2023-10-06 21:34:00,0.87291,0.0,0.87188,0.87319,0.0002,0.0002,0.0
2023-10-06 22:22:00,0.87302,0.0,0.87188,0.87319,0.0002,0.0002,0.0
2023-10-06 22:29:00,0.87318,0.0,0.87188,0.87319,0.0002,0.0002,1.0
2023-10-06 22:32:00,0.87313,0.0,0.87188,0.87319,0.0002,0.0002,0.0
2023-10-06 23:03:00,0.87327,0.0,0.87304,0.87329,0.0002,0.0002,2.0
2023-10-06 23:21:00,0.87335,0.0,0.87289,0.87335,0.0002,0.0002,2.0
2023-10-07 00:06:00,0.87301,0.0,0.87267,0.87329,0.0002,0.0002,2.0
2023-10-07 00:14:00,0.87301,0.0,0.87267,0.87329,0.0002,0.0002,2.0
2023-10-07 00:30:00,0.8727,0.0,0.87244,0.87278,0.0002,0.0002,2.0
2023-10-09 01:17:00,0.87208,0.0,0.86907,0.87254,0.0002,0.0002,2.0
2023-10-09 02:01:00,0.87208,0.0,0.86907,0.87254,0.0002,0.0002,2.0
2023-10-09 02:19:00,0.86898,0.0,0.86768,0.87021,0.0002,0.0002,0.0
2023-10-09 02:22:00,0.86898,0.0,0.86768,0.87021,0.0002,0.0002,0.0
2023-10-09 02:29:00,0.86913,0.0,0.86768,0.87021,0.0002,0.0002,0.0
2023-10-09 02:35:00,0.86955,0.0,0.86768,0.87021,0.0002,0.0002,1.0
2023-10-09 02:39:00,0.86933,0.0,0.86768,0.87021,0.0002,0.0002,1.0
2023-10-09 02:51:00,0.86904,0.0,0.86768,0.87021,0.0002,0.0002,1.0
2023-10-09 02:56:00,0.86901,0.0,0.86768,0.87021,0.0002,0.0002,0.0
2023-10-09 03:00:00,0.86935,0.0,0.86768,0.87021,0.0002,0.0002,0.0
2023-10-09 03:03:00,0.86946,0.0,0.86768,0.87021,0.0002,0.0002,1.0
2023-10-09 03:07:00,0.86926,0.0,0.86768,0.87021,0.0002,0.0002,0.0
2023-10-09 03:11:00,0.86949,0.0,0.86768,0.87021,0.0002,0.0002,0.0
2023-10-09 03:24:00,0.86973,0.0,0.86768,0.87021,0.0002,0.0002,0.0
2023-10-09 03:30:00,0.8701,0.0,0.86768,0.87021,0.0002,0.0002,1.0
2023-10-09 03:47:00,0.86994,0.0,0.86768,0.87021,0.0002,0.0002,0.0
2023-10-09 04:00:00,0.87208,0.0,0.86768,0.87254,0.0002,0.0002,2.0
2023-10-09 06:06:00,0.87029,0.0,0.86833,0.87054,0.0002,0.0002,2.0
2023-10-09 06:59:00,0.86931,0.0,0.86875,0.86934,0.0002,0.0002,2.0
2023-10-09 07:28:00,0.86895,0.0,0.86797,0.86908,0.0002,0.0002,2.0
2023-10-09 07:36:00,0.86895,0.0,0.86797,0.86908,0.0002,0.0002,2.0
2023-10-09 08:15:00,0.86786,0.0,0.86719,0.86812,0.0002,0.0002,1.0
2023-10-09 08:21:00,0.86777,0.0,0.86719,0.86812,0.0002,0.0002,1.0
2023-10-09 08:29:00,0.8676550000000001,0.0,0.86719,0.86812,0.0002,0.0002,2.0
2023-10-09 08:49:00,0.8676550000000001,0.0,0.86719,0.86812,0.0002,0.0002,2.0
2023-10-09 08:58:00,0.867515,0.0,0.86718,0.86785,0.0002,0.0002,1.0
2023-10-09 09:08:00,0.8674999999999999,0.0,0.86715,0.86785,0.0002,0.0002,2.0
2023-10-09 09:22:00,0.86734,0.0,0.8671,0.86758,0.0002,0.0002,2.0
2023-10-09 09:32:00,0.86734,0.0,0.8671,0.86758,0.0002,0.0002,0.0
2023-10-09 09:41:00,0.86803,0.0,0.86699,0.86812,0.0002,0.0002,0.0
2023-10-09 10:15:00,0.86895,0.0,0.86699,0.86908,0.0002,0.0002,2.0
2023-10-09 11:08:00,0.86798,0.0,0.86714,0.86819,0.0002,0.0002,0.0
2023-10-09 11:36:00,0.86718,1.0,0.86714,0.86936,0.0002,0.0002,2.0
2023-10-09 12:29:00,0.86718,1.0,0.86714,0.86936,0.0002,0.0002,2.0
2023-10-09 13:22:00,0.86718,1.0,0.86714,0.86936,0.0002,0.0002,2.0
2023-10-09 13:30:00,0.86718,1.0,0.86714,0.86936,0.0002,0.0002,2.0
2023-10-09 13:41:00,0.86718,1.0,0.86714,0.86936,0.0002,0.0002,2.0
2023-10-09 14:32:00,0.86841,1.0,0.86838,0.86953,0.0002,0.0002,2.0
2023-10-09 15:40:00,0.86909,1.0,0.86876,0.87004,0.0002,0.0002,0.0
2023-10-09 16:04:00,0.86886,1.0,0.86876,0.87004,0.0002,0.0002,1.0
2023-10-09 16:09:00,0.86894,1.0,0.86876,0.87004,0.0002,0.0002,0.0
2023-10-09 16:11:00,0.86859,1.0,0.86838,0.87004,0.0002,0.0002,0.0
2023-10-09 16:18:00,0.86842,1.0,0.86838,0.87004,0.0002,0.0002,1.0
2023-10-09 16:21:00,0.86852,1.0,0.86838,0.87004,0.0002,0.0002,1.0
2023-10-09 17:08:00,0.86873,1.0,0.86824,0.86932,0.0002,0.0002,1.0
2023-10-09 17:11:00,0.86873,1.0,0.86824,0.86932,0.0002,0.0002,2.0
2023-10-09 17:24:00,0.86873,1.0,0.86824,0.86932,0.0002,0.0002,2.0
2023-10-09 17:35:00,0.86893,1.0,0.8688,0.86935,0.0002,0.0002,1.0
2023-10-09 17:40:00,0.86914,1.0,0.86912,0.86954,0.0002,0.0002,1.0
2023-10-09 18:02:00,0.86909,1.0,0.86877,0.86995,0.0002,0.0002,0.0
2023-10-09 18:05:00,0.86873,1.0,0.86824,0.86995,0.0002,0.0002,1.0
2023-10-09 18:10:00,0.86892,1.0,0.86877,0.86995,0.0002,0.0002,1.0
2023-10-09 18:50:00,0.86872,1.0,0.86824,0.86995,0.0002,0.0002,0.0
2023-10-09 18:52:00,0.86838,1.0,0.86824,0.86995,0.0002,0.0002,2.0
2023-10-09 19:46:00,0.86873,1.0,0.86848,0.86938,0.0002,0.0002,0.0
2023-10-09 20:03:00,0.86845,1.0,0.86824,0.86938,0.0002,0.0002,1.0
2023-10-09 20:09:00,0.86856,1.0,0.86848,0.86938,0.0002,0.0002,0.0
2023-10-09 20:14:00,0.8683,1.0,0.86824,0.86938,0.0002,0.0002,1.0
2023-10-09 20:35:00,0.86847,1.0,0.8682,0.86882,0.0002,0.0002,1.0
2023-10-09 20:41:00,0.86851,1.0,0.8682,0.86882,0.0002,0.0002,2.0
2023-10-09 20:53:00,0.86851,1.0,0.8682,0.86882,0.0002,0.0002,1.0
2023-10-09 21:00:00,0.8686,1.0,0.86847,0.86888,0.0002,0.0002,1.0
2023-10-09 21:26:00,0.86864,1.0,0.86847,0.86888,0.0002,0.0002,2.0
2023-10-09 21:53:00,0.86864,1.0,0.86847,0.87054,0.0002,0.0002,2.0
2023-10-09 22:14:00,0.870495,1.0,0.87012,0.87087,0.0002,0.0002,1.0
2023-10-09 22:36:00,0.870495,1.0,0.87012,0.87087,0.0002,0.0002,2.0
2023-10-09 22:51:00,0.870795,1.0,0.87047,0.87112,0.0002,0.0002,2.0
2023-10-09 23:08:00,0.871,1.0,0.87085,0.87126,0.0002,0.0002,1.0
2023-10-09 23:20:00,0.871055,1.0,0.87085,0.87126,0.0002,0.0002,2.0
2023-10-09 23:22:00,0.871055,1.0,0.87085,0.87126,0.0002,0.0002,2.0
2023-10-09 23:31:00,0.87104,1.0,0.87085,0.87126,0.0002,0.0002,0.0
2023-10-09 23:43:00,0.8708,1.0,0.87047,0.87128,0.0002,0.0002,1.0
2023-10-10 00:13:00,0.87097,1.0,0.8708,0.87131,0.0002,0.0002,1.0
2023-10-10 01:11:00,0.87097,1.0,0.8708,0.87131,0.0002,0.0002,0.0
2023-10-10 01:20:00,0.87066,1.0,0.87047,0.87131,0.0002,0.0002,1.0
2023-10-10 01:29:00,0.87076,1.0,0.87047,0.87131,0.0002,0.0002,1.0
2023-10-10 01:57:00,0.87083,1.0,0.87062,0.87104,0.0002,0.0002,1.0
2023-10-10 02:09:00,0.87091,1.0,0.87085,0.87133,0.0002,0.0002,2.0
2023-10-10 02:26:00,0.87091,1.0,0.87085,0.87133,0.0002,0.0002,2.0
2023-10-10 02:55:00,0.87101,1.0,0.871,0.87154,0.0002,0.0002,2.0
2023-10-10 03:23:00,0.87129,1.0,0.87129,0.8718,0.0002,0.0002,2.0
2023-10-10 04:25:00,0.87207,0.0,0.87156,0.87242,0.0002,0.0002,2.0
2023-10-10 04:57:00,0.87124,1.0,0.871,0.87242,0.0002,0.0002,1.0
2023-10-10 05:02:00,0.872,0.0,0.87156,0.87242,0.0002,0.0002,0.0
2023-10-10 06:31:00,0.87134,1.0,0.87124,0.87303,0.0002,0.0002,1.0
2023-10-10 06:40:00,0.87134,1.0,0.87124,0.87303,0.0002,0.0002,0.0
2023-10-10 09:31:00,0.87073,1.0,0.87054,0.87111,0.0002,0.0002,1.0
2023-10-10 09:34:00,0.87066,1.0,0.87054,0.87111,0.0002,0.0002,0.0
2023-10-10 09:39:00,0.87058,1.0,0.87054,0.87111,0.0002,0.0002,1.0
2023-10-10 10:11:00,0.87062,1.0,0.8702,0.87157,0.0002,0.0002,1.0
2023-10-10 10:15:00,0.87062,1.0,0.8702,0.87157,0.0002,0.0002,1.0
2023-10-10 10:48:00,0.87062,1.0,0.8702,0.87157,0.0002,0.0002,0.0
2023-10-10 11:18:00,0.87022,1.0,0.8702,0.87157,0.0002,0.0002,0.0
2023-10-10 11:38:00,0.87023,1.0,0.8702,0.87157,0.0002,0.0002,1.0
2023-10-10 12:07:00,0.87023,1.0,0.86986,0.87063,0.0002,0.0002,0.0
2023-10-10 12:10:00,0.87004,1.0,0.86986,0.87063,0.0002,0.0002,1.0
2023-10-10 12:21:00,0.87023,1.0,0.86994,0.87141,0.0002,0.0002,2.0
2023-10-10 13:10:00,0.87234,0.0,0.8718,0.87259,0.0002,0.0002,2.0
2023-10-10 13:18:00,0.872195,0.0,0.8718,0.87259,0.0002,0.0002,0.0
2023-10-10 13:31:00,0.87217,0.0,0.87176,0.87227,0.0002,0.0002,2.0
2023-10-10 13:51:00,0.87261,0.0,0.87162,0.87261,0.0002,0.0002,2.0
2023-10-10 14:27:00,0.8717,0.0,0.87128,0.87212,0.0002,0.0002,1.0
2023-10-10 14:42:00,0.8717,0.0,0.87128,0.87212,0.0002,0.0002,2.0
2023-10-10 15:42:00,0.87119,0.0,0.86952,0.87162,0.0002,0.0002,2.0
2023-10-10 16:31:00,0.87119,0.0,0.86952,0.87162,0.0002,0.0002,2.0
2023-10-10 17:55:00,0.87119,0.0,0.86987,0.87162,0.0002,0.0002,0.0
2023-10-10 18:04:00,0.87163,0.0,0.86987,0.8717,0.0002,0.0002,1.0
2023-10-10 18:07:00,0.87147,0.0,0.86987,0.87162,0.0002,0.0002,0.0
2023-10-10 18:09:00,0.87175,0.0,0.86987,0.87187,0.0002,0.0002,1.0
2023-10-10 18:17:00,0.87159,0.0,0.86987,0.87162,0.0002,0.0002,0.0
2023-10-10 20:33:00,0.87305,0.0,0.87233,0.87352,0.0002,0.0002,1.0
2023-10-10 20:55:00,0.87305,0.0,0.87233,0.87352,0.0002,0.0002,2.0
2023-10-10 21:33:00,0.87279,0.0,0.87191,0.87301,0.0002,0.0002,2.0
2023-10-10 22:26:00,0.87279,0.0,0.87191,0.87301,0.0002,0.0002,1.0
2023-10-10 22:55:00,0.87279,0.0,0.87191,0.87301,0.0002,0.0002,1.0
2023-10-10 23:06:00,0.87288,0.0,0.87191,0.87301,0.0002,0.0002,0.0
2023-10-11 00:03:00,0.87308,0.0,0.87191,0.87334,0.0002,0.0002,0.0
2023-10-11 01:25:00,0.8733150000000001,0.0,0.87315,0.87348,0.0002,0.0002,2.0
2023-10-11 01:32:00,0.87343,0.0,0.87315,0.87348,0.0002,0.0002,1.0
2023-10-11 01:50:00,0.87346,0.0,0.87311,0.87348,0.0002,0.0002,1.0
2023-10-11 05:32:00,0.87436,0.0,0.87361,0.87475,0.0002,0.0002,2.0
2023-10-11 06:11:00,0.87436,0.0,0.87361,0.87475,0.0002,0.0002,2.0
2023-10-11 06:29:00,0.87393,0.0,0.87343,0.87404,0.0002,0.0002,2.0
2023-10-11 06:45:00,0.87367,0.0,0.87314,0.87385,0.0002,0.0002,2.0
2023-10-11 07:16:00,0.87324,0.0,0.87268,0.87342,0.0002,0.0002,2.0
2023-10-11 07:37:00,0.87324,0.0,0.87268,0.87342,0.0002,0.0002,2.0
2023-10-11 08:17:00,0.87324,0.0,0.87252,0.87342,0.0002,0.0002,2.0
2023-10-11 08:42:00,0.87288,0.0,0.8724,0.87305,0.0002,0.0002,2.0
2023-10-11 08:55:00,0.87249,0.0,0.87219,0.87254,0.0002,0.0002,0.0
2023-10-11 09:02:00,0.87295,0.0,0.87219,0.87305,0.0002,0.0002,1.0
2023-10-11 09:07:00,0.87288,0.0,0.87219,0.87305,0.0002,0.0002,1.0
2023-10-11 09:33:00,0.87302,0.0,0.87219,0.87305,0.0002,0.0002,2.0
2023-10-11 09:58:00,0.87281,0.0,0.87208,0.87298,0.0002,0.0002,2.0
2023-10-11 10:15:00,0.87213,0.0,0.87156,0.87233,0.0002,0.0002,0.0
2023-10-11 10:25:00,0.87281,0.0,0.87156,0.87298,0.0002,0.0002,0.0
2023-10-11 11:18:00,0.87304,0.0,0.87156,0.87305,0.0002,0.0002,1.0
2023-10-11 11:28:00,0.87286,0.0,0.87156,0.87298,0.0002,0.0002,0.0
2023-10-11 12:10:00,0.87367,0.0,0.87199,0.8738,0.0002,0.0002,2.0
2023-10-11 13:03:00,0.8735,0.0,0.87199,0.8738,0.0002,0.0002,2.0
2023-10-11 13:56:00,0.87347,0.0,0.87199,0.8738,0.0002,0.0002,2.0
2023-10-11 14:49:00,0.87337,0.0,0.87199,0.8738,0.0002,0.0002,2.0
2023-10-11 15:42:00,0.87337,0.0,0.87199,0.87349,0.0002,0.0002,2.0
2023-10-11 16:35:00,0.87275,0.0,0.87216,0.87311,0.0002,0.0002,1.0
2023-10-11 16:38:00,0.87243,0.0,0.87169,0.87296,0.0002,0.0002,0.0
2023-10-11 16:45:00,0.87283,0.0,0.87169,0.87296,0.0002,0.0002,1.0
2023-10-11 17:03:00,0.87282,0.0,0.87169,0.87296,0.0002,0.0002,0.0
2023-10-11 17:06:00,0.87313,0.0,0.87169,0.87343,0.0002,0.0002,1.0
2023-10-11 17:11:00,0.87327,0.0,0.87169,0.87343,0.0002,0.0002,1.0
2023-10-11 17:14:00,0.87286,0.0,0.87169,0.87296,0.0002,0.0002,1.0
2023-10-11 17:17:00,0.87277,0.0,0.87169,0.87296,0.0002,0.0002,1.0
2023-10-11 19:03:00,0.87278,0.0,0.8716,0.87326,0.0002,0.0002,2.0
2023-10-11 19:25:00,0.87278,0.0,0.8716,0.87326,0.0002,0.0002,2.0
2023-10-11 20:34:00,0.87242,0.0,0.87102,0.87251,0.0002,0.0002,2.0
2023-10-11 20:54:00,0.87242,0.0,0.87102,0.87251,0.0002,0.0002,2.0
2023-10-11 20:58:00,0.87242,0.0,0.87102,0.87251,0.0002,0.0002,2.0
2023-10-11 21:09:00,0.87123,0.0,0.8709,0.87143,0.0002,0.0002,1.0
2023-10-11 21:48:00,0.87125,0.0,0.86997,0.87132,0.0002,0.0002,1.0
2023-10-11 22:03:00,0.8711,0.0,0.86997,0.87132,0.0002,0.0002,1.0
2023-10-11 22:10:00,0.87094,0.0,0.86997,0.87132,0.0002,0.0002,1.0
2023-10-11 22:15:00,0.87105,0.0,0.86997,0.87132,0.0002,0.0002,1.0
2023-10-11 22:24:00,0.87111,0.0,0.86997,0.87132,0.0002,0.0002,0.0
2023-10-11 22:26:00,0.87144,0.0,0.86997,0.87251,0.0002,0.0002,0.0
2023-10-11 22:54:00,0.87167,0.0,0.86997,0.87251,0.0002,0.0002,2.0
2023-10-11 23:52:00,0.87242,0.0,0.87096,0.87251,0.0002,0.0002,2.0
2023-10-12 00:52:00,0.87189,0.0,0.8717,0.87198,0.0002,0.0002,2.0
2023-10-12 01:07:00,0.87184,0.0,0.8717,0.87198,0.0002,0.0002,1.0
2023-10-12 01:11:00,0.87184,0.0,0.8717,0.87198,0.0002,0.0002,0.0
2023-10-12 01:32:00,0.87184,0.0,0.87132,0.87208,0.0002,0.0002,1.0
2023-10-12 01:59:00,0.87184,0.0,0.87132,0.87208,0.0002,0.0002,1.0
2023-10-12 02:03:00,0.87185,0.0,0.87132,0.87208,0.0002,0.0002,0.0
2023-10-12 02:11:00,0.87205,0.0,0.87132,0.87208,0.0002,0.0002,0.0
2023-10-12 04:42:00,0.8725,0.0,0.87184,0.87253,0.0002,0.0002,2.0
2023-10-12 05:01:00,0.8725,0.0,0.87184,0.87253,0.0002,0.0002,0.0
2023-10-12 06:22:00,0.87256,0.0,0.87199,0.87285,0.0002,0.0002,2.0
2023-10-12 06:37:00,0.87206,0.0,0.87159,0.87226,0.0002,0.0002,1.0
2023-10-12 07:12:00,0.87206,0.0,0.87159,0.87226,0.0002,0.0002,1.0
2023-10-12 07:20:00,0.87206,0.0,0.87159,0.87226,0.0002,0.0002,1.0
2023-10-12 07:27:00,0.87206,0.0,0.87159,0.87226,0.0002,0.0002,0.0
2023-10-12 07:47:00,0.87256,0.0,0.87159,0.87285,0.0002,0.0002,2.0
2023-10-12 08:50:00,0.87262,0.0,0.87213,0.87285,0.0002,0.0002,1.0
2023-10-12 09:31:00,0.87255,0.0,0.87195,0.87268,0.0002,0.0002,2.0
2023-10-12 10:15:00,0.87221,0.0,0.87142,0.87231,0.0002,0.0002,1.0
2023-10-12 10:32:00,0.87221,0.0,0.87142,0.87231,0.0002,0.0002,0.0
2023-10-12 10:37:00,0.87264,0.0,0.87142,0.87268,0.0002,0.0002,0.0
2023-10-12 11:38:00,0.87234,0.0,0.87138,0.87316,0.0002,0.0002,2.0
2023-10-12 12:02:00,0.87173,0.0,0.87076,0.87175,0.0002,0.0002,1.0
2023-10-12 12:35:00,0.87173,0.0,0.87076,0.87175,0.0002,0.0002,1.0
2023-10-12 13:02:00,0.87174,0.0,0.87076,0.87175,0.0002,0.0002,1.0
2023-10-12 13:06:00,0.87173,0.0,0.87076,0.87175,0.0002,0.0002,2.0
2023-10-12 13:55:00,0.87173,0.0,0.87076,0.87175,0.0002,0.0002,2.0
2023-10-12 14:32:00,0.87173,0.0,0.87076,0.87175,0.0002,0.0002,2.0
2023-10-12 14:48:00,0.87173,0.0,0.87069,0.87173,0.0002,0.0002,2.0
2023-10-12 14:57:00,0.87173,0.0,0.87069,0.87173,0.0002,0.0002,2.0
2023-10-12 15:30:00,0.87076,0.0,0.87022,0.8711,0.0002,0.0002,2.0
2023-10-12 16:05:00,0.8704099999999999,0.0,0.87013,0.87069,0.0002,0.0002,2.0
2023-10-12 16:17:00,0.870405,0.0,0.87012,0.87069,0.0002,0.0002,0.0
2023-10-12 16:26:00,0.87077,0.0,0.8701,0.8711,0.0002,0.0002,1.0
2023-10-12 16:49:00,0.87056,0.0,0.86723,0.87092,0.0002,0.0002,2.0
2023-10-12 17:41:00,0.867545,0.0,0.86659,0.8685,0.0002,0.0002,2.0
2023-10-12 18:10:00,0.86692,0.0,0.86613,0.86738,0.0002,0.0002,1.0
2023-10-12 18:14:00,0.86696,0.0,0.86613,0.86738,0.0002,0.0002,1.0
2023-10-12 18:18:00,0.86688,0.0,0.86613,0.86738,0.0002,0.0002,2.0
2023-10-12 18:40:00,0.86625,0.0,0.86552,0.86698,0.0002,0.0002,2.0
2023-10-12 19:12:00,0.86625,0.0,0.86552,0.86698,0.0002,0.0002,2.0
2023-10-12 19:21:00,0.865685,0.0,0.86524,0.86613,0.0002,0.0002,2.0
2023-10-12 19:42:00,0.865425,0.0,0.8651,0.86575,0.0002,0.0002,1.0
2023-10-12 19:54:00,0.865425,0.0,0.8651,0.86575,0.0002,0.0002,2.0
2023-10-12 19:58:00,0.86513,0.0,0.86483,0.86543,0.0002,0.0002,0.0
2023-10-12 20:02:00,0.86546,0.0,0.86483,0.86575,0.0002,0.0002,1.0
2023-10-12 20:05:00,0.86539,0.0,0.86483,0.86543,0.0002,0.0002,1.0
2023-10-12 20:12:00,0.86531,0.0,0.86483,0.86543,0.0002,0.0002,1.0
2023-10-12 20:33:00,0.86512,0.0,0.86479,0.86545,0.0002,0.0002,1.0
2023-10-12 20:52:00,0.8652,0.0,0.86479,0.86545,0.0002,0.0002,1.0
2023-10-12 20:59:00,0.86512,0.0,0.86479,0.86545,0.0002,0.0002,2.0
2023-10-12 21:15:00,0.864865,0.0,0.86453,0.8652,0.0002,0.0002,2.0
2023-10-12 21:20:00,0.864865,0.0,0.86453,0.8652,0.0002,0.0002,2.0
2023-10-12 21:25:00,0.86453,0.0,0.86431,0.86475,0.0002,0.0002,1.0
2023-10-12 21:43:00,0.86438,0.0,0.86414,0.86462,0.0002,0.0002,2.0
2023-10-12 21:46:00,0.86438,0.0,0.86414,0.86462,0.0002,0.0002,2.0
2023-10-12 21:52:00,0.86422,0.0,0.86407,0.86425,0.0002,0.0002,1.0
2023-10-12 22:21:00,0.86438,0.0,0.86407,0.86462,0.0002,0.0002,1.0
2023-10-12 22:24:00,0.86432,0.0,0.86393,0.86462,0.0002,0.0002,0.0
2023-10-12 22:33:00,0.86463,0.0,0.86393,0.86475,0.0002,0.0002,1.0
2023-10-12 22:51:00,0.86452,0.0,0.86393,0.86462,0.0002,0.0002,1.0
2023-10-13 03:33:00,0.86424,1.0,0.8641,0.86447,0.0002,0.0002,2.0
2023-10-13 03:40:00,0.86443,1.0,0.86433,0.86454,0.0002,0.0002,2.0
2023-10-13 03:45:00,0.86424,1.0,0.8641,0.86454,0.0002,0.0002,1.0
2023-10-13 04:10:00,0.86418,1.0,0.8641,0.86445,0.0002,0.0002,1.0
2023-10-13 04:17:00,0.86414,1.0,0.8641,0.86453,0.0002,0.0002,2.0
2023-10-13 05:00:00,0.86427,1.0,0.86416,0.86516,0.0002,0.0002,2.0
2023-10-13 05:19:00,0.865035,1.0,0.86473,0.86534,0.0002,0.0002,2.0
2023-10-13 05:31:00,0.86427,1.0,0.86416,0.86534,0.0002,0.0002,2.0
2023-10-13 06:14:00,0.86534,1.0,0.86477,0.86591,0.0002,0.0002,2.0
2023-10-13 06:20:00,0.86534,1.0,0.86477,0.86591,0.0002,0.0002,1.0
2023-10-13 07:26:00,0.86526,1.0,0.86477,0.86593,0.0002,0.0002,2.0
2023-10-13 08:39:00,0.86525,1.0,0.86477,0.86593,0.0002,0.0002,1.0
2023-10-13 08:49:00,0.86516,1.0,0.86477,0.86593,0.0002,0.0002,0.0
2023-10-13 09:43:00,0.86447,1.0,0.86435,0.86476,0.0002,0.0002,2.0
2023-10-16 02:11:00,0.85996,1.0,0.85948,0.86068,0.0002,0.0002,2.0
2023-10-16 02:16:00,0.85996,1.0,0.85948,0.86068,0.0002,0.0002,2.0
2023-10-16 02:38:00,0.86057,1.0,0.86028,0.86086,0.0002,0.0002,0.0
2023-10-16 02:58:00,0.86034,1.0,0.86028,0.86086,0.0002,0.0002,1.0
2023-10-16 03:08:00,0.86035,1.0,0.86028,0.86086,0.0002,0.0002,2.0
2023-10-16 04:08:00,0.86035,1.0,0.86031,0.8611,0.0002,0.0002,2.0
2023-10-16 05:01:00,0.8604,1.0,0.86031,0.8611,0.0002,0.0002,2.0
2023-10-16 05:36:00,0.8604,1.0,0.8604,0.86188,0.0002,0.0002,2.0
2023-10-16 06:31:00,0.8621749999999999,1.0,0.86152,0.86283,0.0002,0.0002,1.0
2023-10-16 07:06:00,0.8621749999999999,1.0,0.86152,0.86283,0.0002,0.0002,0.0
2023-10-16 07:21:00,0.86194,1.0,0.86152,0.86283,0.0002,0.0002,1.0
2023-10-16 07:37:00,0.8621,1.0,0.86152,0.86283,0.0002,0.0002,1.0
2023-10-16 07:43:00,0.86211,1.0,0.86152,0.86283,0.0002,0.0002,2.0
2023-10-16 08:13:00,0.86211,1.0,0.86152,0.86283,0.0002,0.0002,2.0
2023-10-16 08:33:00,0.86211,1.0,0.86199,0.86284,0.0002,0.0002,2.0
2023-10-16 09:16:00,0.86211,1.0,0.86199,0.86284,0.0002,0.0002,2.0
2023-10-16 09:32:00,0.86251,1.0,0.86242,0.86289,0.0002,0.0002,2.0
2023-10-16 09:38:00,0.86272,1.0,0.86272,0.86291,0.0002,0.0002,0.0
2023-10-16 09:47:00,0.86211,1.0,0.86199,0.86291,0.0002,0.0002,2.0
2023-10-16 10:03:00,0.86211,1.0,0.86199,0.86291,0.0002,0.0002,2.0
2023-10-16 10:22:00,0.86251,1.0,0.86222,0.86309,0.0002,0.0002,2.0
2023-10-16 10:46:00,0.86251,1.0,0.86222,0.86309,0.0002,0.0002,2.0
2023-10-16 10:59:00,0.86281,1.0,0.86269,0.86334,0.0002,0.0002,0.0
2023-10-16 11:03:00,0.86251,1.0,0.86222,0.86334,0.0002,0.0002,1.0
2023-10-16 11:08:00,0.8625,1.0,0.86222,0.86334,0.0002,0.0002,1.0
2023-10-16 11:14:00,0.86251,1.0,0.86222,0.86334,0.0002,0.0002,1.0
2023-10-16 11:28:00,0.86245,1.0,0.86222,0.86334,0.0002,0.0002,1.0
2023-10-16 12:05:00,0.86272,1.0,0.86247,0.86337,0.0002,0.0002,2.0
2023-10-16 12:10:00,0.86272,1.0,0.86247,0.86337,0.0002,0.0002,2.0
2023-10-16 12:20:00,0.86328,1.0,0.86317,0.8634,0.0002,0.0002,2.0
2023-10-16 12:43:00,0.86358,1.0,0.86317,0.86399,0.0002,0.0002,1.0
2023-10-16 12:46:00,0.86355,1.0,0.86317,0.86399,0.0002,0.0002,0.0
2023-10-16 12:58:00,0.86322,1.0,0.86317,0.86399,0.0002,0.0002,0.0
2023-10-16 13:03:00,0.86272,1.0,0.86247,0.86399,0.0002,0.0002,0.0
2023-10-16 13:23:00,0.8626,1.0,0.86247,0.86399,0.0002,0.0002,1.0
2023-10-16 13:27:00,0.86272,1.0,0.86247,0.86399,0.0002,0.0002,1.0
2023-10-16 13:47:00,0.86258,1.0,0.86247,0.86316,0.0002,0.0002,1.0
2023-10-16 13:58:00,0.86252,1.0,0.86247,0.86308,0.0002,0.0002,1.0
2023-10-16 14:28:00,0.86251,1.0,0.86248,0.86293,0.0002,0.0002,0.0
2023-10-16 15:52:00,0.86179,1.0,0.8615,0.86236,0.0002,0.0002,2.0
2023-10-16 15:59:00,0.86179,1.0,0.8615,0.86236,0.0002,0.0002,2.0
2023-10-16 16:05:00,0.86179,1.0,0.8615,0.86237,0.0002,0.0002,1.0
2023-10-16 16:17:00,0.8617,1.0,0.8615,0.86237,0.0002,0.0002,1.0
2023-10-16 16:21:00,0.86179,1.0,0.8615,0.86237,0.0002,0.0002,1.0
2023-10-16 16:44:00,0.86165,1.0,0.8615,0.86237,0.0002,0.0002,1.0
2023-10-16 17:36:00,0.86153,1.0,0.8615,0.86237,0.0002,0.0002,0.0
2023-10-16 19:08:00,0.86065,1.0,0.8601,0.86326,0.0002,0.0002,2.0
2023-10-16 20:01:00,0.86065,1.0,0.8601,0.86326,0.0002,0.0002,2.0
2023-10-16 20:54:00,0.86065,1.0,0.8601,0.86326,0.0002,0.0002,2.0
2023-10-16 21:21:00,0.86184,1.0,0.86145,0.86326,0.0002,0.0002,2.0
2023-10-16 21:43:00,0.863,1.0,0.86281,0.86329,0.0002,0.0002,2.0
2023-10-16 21:49:00,0.863,1.0,0.86281,0.86329,0.0002,0.0002,2.0
2023-10-16 22:05:00,0.863,1.0,0.863,0.8633,0.0002,0.0002,2.0
2023-10-16 22:12:00,0.863,1.0,0.863,0.8633,0.0002,0.0002,2.0
2023-10-16 22:24:00,0.86322,1.0,0.86314,0.86346,0.0002,0.0002,2.0
2023-10-16 22:38:00,0.86348,1.0,0.86338,0.86365,0.0002,0.0002,0.0
2023-10-16 23:00:00,0.86322,1.0,0.86314,0.86365,0.0002,0.0002,1.0
2023-10-16 23:27:00,0.86332,1.0,0.86322,0.86357,0.0002,0.0002,2.0
2023-10-16 23:35:00,0.86332,1.0,0.86322,0.86357,0.0002,0.0002,1.0
2023-10-16 23:51:00,0.86332,1.0,0.86322,0.86359,0.0002,0.0002,2.0
2023-10-17 00:18:00,0.86328,1.0,0.86322,0.86359,0.0002,0.0002,0.0
2023-10-17 00:45:00,0.863,1.0,0.863,0.86359,0.0002,0.0002,0.0
2023-10-17 01:12:00,0.863,1.0,0.86281,0.86335,0.0002,0.0002,0.0
2023-10-17 05:19:00,0.865155,0.0,0.86476,0.86555,0.0002,0.0002,2.0
2023-10-17 05:34:00,0.86497,0.0,0.86444,0.86508,0.0002,0.0002,0.0
2023-10-17 05:44:00,0.86536,0.0,0.86444,0.86555,0.0002,0.0002,1.0
2023-10-17 06:31:00,0.86445,1.0,0.86444,0.86549,0.0002,0.0002,2.0
2023-10-17 07:05:00,0.86515,1.0,0.86496,0.86594,0.0002,0.0002,2.0
2023-10-17 07:44:00,0.866,1.0,0.86554,0.86692,0.0002,0.0002,0.0
2023-10-17 07:47:00,0.86585,1.0,0.86554,0.86692,0.0002,0.0002,0.0
2023-10-17 07:54:00,0.86564,1.0,0.86554,0.86692,0.0002,0.0002,1.0
2023-10-17 09:39:00,0.8655,1.0,0.86496,0.86692,0.0002,0.0002,0.0
2023-10-17 09:56:00,0.86528,1.0,0.86496,0.86634,0.0002,0.0002,1.0
2023-10-17 10:06:00,0.86611,0.0,0.86537,0.86634,0.0002,0.0002,2.0
2023-10-17 10:16:00,0.86542,0.0,0.86515,0.86567,0.0002,0.0002,0.0
2023-10-17 10:21:00,0.86552,0.0,0.86515,0.86567,0.0002,0.0002,1.0
2023-10-17 10:24:00,0.86542,0.0,0.86515,0.86567,0.0002,0.0002,0.0
2023-10-17 10:29:00,0.86611,0.0,0.86515,0.86634,0.0002,0.0002,0.0
2023-10-17 11:16:00,0.86534,1.0,0.86515,0.86603,0.0002,0.0002,2.0
2023-10-17 11:18:00,0.86534,1.0,0.86524,0.86632,0.0002,0.0002,2.0
2023-10-17 11:45:00,0.86611,1.0,0.86592,0.86657,0.0002,0.0002,1.0
2023-10-17 12:06:00,0.86611,1.0,0.86592,0.86657,0.0002,0.0002,1.0
2023-10-17 12:13:00,0.86611,1.0,0.86592,0.86657,0.0002,0.0002,0.0
2023-10-17 12:20:00,0.86534,1.0,0.86524,0.86657,0.0002,0.0002,1.0
2023-10-17 12:46:00,0.86534,1.0,0.86524,0.86657,0.0002,0.0002,2.0
2023-10-17 13:39:00,0.86549,1.0,0.86536,0.86624,0.0002,0.0002,2.0
2023-10-17 14:18:00,0.8659,1.0,0.86567,0.86618,0.0002,0.0002,1.0
2023-10-17 14:23:00,0.86611,1.0,0.86599,0.86647,0.0002,0.0002,0.0
2023-10-17 14:31:00,0.86584,1.0,0.86567,0.86647,0.0002,0.0002,0.0
2023-10-17 14:35:00,0.86549,1.0,0.86536,0.86647,0.0002,0.0002,2.0
2023-10-17 15:28:00,0.86595,1.0,0.86565,0.86674,0.0002,0.0002,2.0
2023-10-17 16:05:00,0.8669549999999999,1.0,0.86639,0.86752,0.0002,0.0002,1.0
2023-10-17 16:12:00,0.8669549999999999,1.0,0.86639,0.86752,0.0002,0.0002,0.0
2023-10-17 16:23:00,0.86678,1.0,0.86639,0.86752,0.0002,0.0002,0.0
2023-10-17 16:29:00,0.86595,1.0,0.86565,0.86752,0.0002,0.0002,2.0
2023-10-17 16:39:00,0.86634,1.0,0.86634,0.86856,0.0002,0.0002,2.0
2023-10-17 16:54:00,0.86634,1.0,0.86634,0.86856,0.0002,0.0002,2.0
2023-10-17 17:40:00,0.86634,1.0,0.86634,0.8686,0.0002,0.0002,2.0
2023-10-17 19:44:00,0.86782,1.0,0.86676,0.86902,0.0002,0.0002,2.0
2023-10-17 19:51:00,0.86782,1.0,0.86676,0.86902,0.0002,0.0002,2.0
2023-10-17 20:40:00,0.8688499999999999,1.0,0.8684,0.8693,0.0002,0.0002,2.0
2023-10-17 20:57:00,0.8688499999999999,1.0,0.8684,0.8693,0.0002,0.0002,0.0
2023-10-17 21:04:00,0.86858,1.0,0.8684,0.86938,0.0002,0.0002,1.0
2023-10-17 21:12:00,0.86873,1.0,0.8684,0.86938,0.0002,0.0002,1.0
2023-10-17 21:23:00,0.8685,1.0,0.8684,0.86938,0.0002,0.0002,0.0
2023-10-17 21:44:00,0.86782,1.0,0.86776,0.86938,0.0002,0.0002,0.0
2023-10-17 22:05:00,0.86761,1.0,0.86735,0.86938,0.0002,0.0002,1.0
2023-10-17 22:13:00,0.86761,1.0,0.86735,0.86891,0.0002,0.0002,1.0
2023-10-17 22:28:00,0.86743,1.0,0.86735,0.86776,0.0002,0.0002,2.0
2023-10-17 22:56:00,0.86752,1.0,0.86752,0.86801,0.0002,0.0002,2.0
2023-10-17 23:18:00,0.86752,1.0,0.86752,0.86801,0.0002,0.0002,2.0
2023-10-17 23:22:00,0.86782,1.0,0.8676,0.86811,0.0002,0.0002,2.0
2023-10-17 23:31:00,0.86782,1.0,0.8676,0.86811,0.0002,0.0002,1.0
2023-10-17 23:40:00,0.86799,1.0,0.86795,0.86822,0.0002,0.0002,1.0